source_distribution,dimension,max_val,encoding_max_val,beta,rate,distortion,n_inputs,n_outputs,coverage,vocabulary_size,n_outputs_never_received,n_inputs_representable,self_transmission_mean,self_transmission_median,self_transmission_max,n_survive_above_0.5,n_survive_above_0.25,n_survive_above_0.1,most_faithful_belief,n_prototypes,basin_1_belief,basin_1_share,basin_2_belief,basin_2_share,basin_3_belief,basin_3_share
decreasing,3,21,20,0.062,-1.0684879027409443e-16,11.079815955630252,9261,8000,0.9,1,7999,8000,0.00012500000000000003,0.0,0.9999999999999991,1,1,1,"(3, 3, 3)",1,"(3, 3, 3)",1.0,,,,
decreasing,3,21,20,0.08700000000000001,1.5251972120854162e-18,11.079815955630252,9261,8000,0.9,1,7999,8000,0.000125,0.0,1.0,1,1,1,"(3, 3, 3)",1,"(3, 3, 3)",1.0,,,,
decreasing,3,21,20,0.122,1.785264772663614e-15,11.079815955630242,9261,8000,0.9,1,7999,8000,0.00012500000000000022,0.0,0.999999999999967,1,1,1,"(3, 3, 3)",1,"(3, 3, 3)",1.0,,,,
decreasing,3,21,20,0.171,0.16615768872010417,10.065222439259216,9261,8000,0.9,6,7994,8000,0.0001419075816487024,0.0,0.5736857871060534,1,1,1,"(3, 3, 3)",1,"(3, 3, 3)",1.0,,,,
decreasing,3,21,20,0.23800000000000002,0.8065439372405279,6.865770242282728,9261,8000,0.9,9,7991,8000,0.0002570532144498247,0.0,0.23357120621873653,0,0,9,"(2, 4, 5)",10,"(2, 4, 5)",0.1729834791059281,"(5, 2, 4)",0.16650469711694202,"(5, 4, 2)",0.1595939963286902
decreasing,3,21,20,0.333,1.3584151639352382,4.901491139131114,9261,8000,0.9,11,7989,8000,0.0004642638677964689,0.0,0.4546216048978888,0,9,12,"(2, 2, 8)",12,"(6, 5, 2)",0.12104524349422309,"(6, 2, 5)",0.12050534499514091,"(2, 6, 5)",0.11996544649605874
decreasing,3,21,20,0.465,1.843161953962459,3.6676590161529368,9261,8000,0.9,23,7977,8000,0.0007395508318255757,0.0,0.5850675002406249,4,4,25,"(5, 5, 5)",19,"(5, 5, 5)",0.4250080984774862,"(9, 2, 2)",0.05301803260986934,"(2, 9, 2)",0.05301803260986934
decreasing,3,21,20,0.65,2.405461568349221,2.644650892600838,9261,8000,0.9,36,7964,8000,0.0012936371898415603,0.0,0.419533536467242,0,15,42,"(7, 2, 7)",42,"(7, 7, 2)",0.08044487636324371,"(2, 7, 7)",0.08044487636324371,"(7, 2, 7)",0.08044487636324371
decreasing,3,21,20,0.909,2.94785766405085,1.9352548616718055,9261,8000,0.9,52,7948,8000,0.002128197995063462,0.0,0.5394199781382109,6,42,66,"(2, 10, 2)",58,"(8, 8, 2)",0.06705539358600583,"(8, 2, 8)",0.06705539358600583,"(2, 8, 8)",0.06705539358600583
decreasing,3,21,20,1.27,3.4894877272704803,1.4296259168773497,9261,8000,0.9,71,7929,8000,0.003364156762498814,0.0,0.5247997323571997,4,58,76,"(1, 9, 9)",67,"(8, 8, 6)",0.061440449195551236,"(6, 8, 8)",0.055501565705647335,"(8, 6, 8)",0.05118237771298996
decreasing,3,21,20,1.7750000000000001,4.0346531547085185,1.0652532804409693,9261,8000,0.9,110,7890,8000,0.0051971188466726995,0.0,0.6737020019064874,12,69,133,"(2, 10, 2)",100,"(9, 9, 2)",0.032609869344563225,"(9, 2, 9)",0.032609869344563225,"(2, 9, 9)",0.032609869344563225
decreasing,3,21,20,2.48,4.642768178867998,0.7747828869455586,9261,8000,0.9,214,7786,8000,0.0085162507913351,0.0,0.859712152494168,13,115,244,"(1, 1, 1)",187,"(10, 6, 10)",0.03088219414750027,"(10, 10, 6)",0.03088219414750027,"(6, 10, 10)",0.03088219414750027
decreasing,3,21,20,3.466,5.284376662423582,0.5552463301244863,9261,8000,0.9,284,7716,8000,0.013778176464333316,0.0,0.886421928618776,43,210,316,"(13, 1, 1)",264,"(7, 11, 11)",0.01835654896879387,"(11, 7, 11)",0.01835654896879387,"(11, 11, 7)",0.01835654896879387
decreasing,3,21,20,4.843,5.9411497302391005,0.39426060941819147,9261,8000,0.9,471,7529,8000,0.022191723203075418,0.0,0.8980443258105717,65,309,552,"(1, 1, 1)",435,"(6, 12, 12)",0.014901198574667962,"(12, 12, 6)",0.014901198574667962,"(12, 6, 12)",0.014901198574667962
decreasing,3,21,20,6.767,6.625875437151509,0.2742936119745888,9261,8000,0.9,827,7173,8000,0.03645151008171095,0.0,0.9559713354432147,83,513,958,"(1, 1, 1)",796,"(13, 13, 7)",0.007990497786416154,"(7, 13, 13)",0.007990497786416154,"(13, 7, 13)",0.007990497786416154
decreasing,3,21,20,9.457,7.302523292896253,0.18927417464467466,9261,8000,0.9,1254,6746,8000,0.057945809965678274,0.0,0.9925390667130523,140,832,1438,"(1, 1, 1)",1246,"(14, 12, 14)",0.006370802289169636,"(12, 14, 14)",0.006370802289169636,"(14, 14, 12)",0.006370802289169636
decreasing,3,21,20,13.215,7.963261585535514,0.1299219320872889,9261,8000,0.9,1799,6201,8000,0.0900387951310121,0.0,0.9994118881020675,274,1298,2182,"(1, 1, 1)",1837,"(15, 15, 14)",0.004103228593024511,"(15, 15, 7)",0.0035633300939423387,"(15, 11, 15)",0.0035633300939423387
decreasing,3,21,20,18.467,8.619932633807853,0.08770720005317406,9261,8000,0.9,2450,5550,8000,0.13717018141971676,8.104727e-318,0.9999825977278941,465,2135,3124,"(1, 1, 1)",2583,"(7, 16, 16)",0.0025915127955944283,"(16, 16, 7)",0.0025915127955944283,"(16, 7, 16)",0.0025915127955944283
decreasing,3,21,20,25.806,9.274258187184259,0.05758431341966824,9261,8000,0.9,3127,4873,8000,0.20518172275773264,0.11009290629316078,0.999999867778183,1004,3189,4063,"(1, 1, 1)",3502,"(17, 17, 7)",0.0016196954972465176,"(17, 7, 17)",0.0016196954972465176,"(7, 17, 17)",0.0016196954972465176
decreasing,3,21,20,36.062,9.917382183514054,0.03638314393427977,9261,8000,0.9,3886,4114,8000,0.300624679180984,0.31142369368251455,0.9999999998513561,1869,4462,5487,"(1, 1, 1)",4803,"(18, 8, 13)",0.001079796998164345,"(18, 13, 8)",0.001079796998164345,"(13, 8, 18)",0.001079796998164345
decreasing,3,21,20,50.394,10.5295849245842,0.021931563819319204,9261,8000,0.9,4513,3487,8000,0.42386488621839247,0.455897987750713,0.9999999999999882,3399,5862,6431,"(1, 1, 1)",5901,"(18, 16, 13)",0.0008638375985314761,"(16, 13, 18)",0.0008638375985314761,"(16, 18, 13)",0.0008638375985314761
decreasing,3,21,20,70.421,11.088535571680167,0.012476668453694943,9261,8000,0.9,4875,3125,8000,0.564942928499664,0.608864662071568,1.0,5233,6865,7348,"(1, 1, 1)",6799,"(14, 17, 19)",0.0006478781988986071,"(14, 19, 17)",0.0006478781988986071,"(19, 14, 17)",0.0006478781988986071
decreasing,3,21,20,98.407,11.57207031177627,0.006608273257257574,9261,8000,0.9,5087,2913,8000,0.7177452285637864,0.7499166738404472,1.0,6832,7798,7894,"(1, 1, 1)",7714,"(16, 19, 19)",0.00043191879926573806,"(17, 19, 19)",0.00043191879926573806,"(18, 19, 19)",0.00043191879926573806
decreasing,3,21,20,137.51500000000001,11.939169192419618,0.003406708134005478,9261,8000,0.9,5132,2868,8000,0.8389681733950319,0.8870813258817679,1.0,7689,7897,7975,"(1, 1, 1)",7864,"(16, 18, 20)",0.00032393909944930353,"(17, 18, 20)",0.00032393909944930353,"(18, 18, 20)",0.00032393909944930353
decreasing,3,21,20,192.166,12.176332400599414,0.0019194982377501455,9261,8000,0.9,5157,2843,8000,0.9168617061285013,0.9638270121947171,1.0,7846,7945,7997,"(1, 1, 1)",7918,"(20, 20, 20)",0.00032393909944930353,"(19, 20, 20)",0.00032393909944930353,"(18, 20, 20)",0.00032393909944930353
decreasing,3,21,20,268.535,12.306295954891203,0.001333929440808566,9261,8000,0.9,5169,2831,8000,0.9594616088812962,0.9929772759598194,1.0,7932,7984,8000,"(1, 1, 1)",7966,"(20, 20, 20)",0.00032393909944930353,"(19, 20, 20)",0.00032393909944930353,"(18, 20, 20)",0.00032393909944930353
decreasing,3,21,20,375.254,12.3693425329873,0.0011301509521735706,9261,8000,0.9,5174,2826,8000,0.9811801007226387,0.9992625858781269,1.0,7981,8000,8000,"(1, 1, 1)",7999,"(20, 20, 20)",0.00032393909944930353,"(6, 14, 20)",0.00032393909944930353,"(4, 13, 20)",0.00032393909944930353
decreasing,3,21,20,524.385,12.39788244641479,0.001064051562895348,9261,8000,0.9,5175,2825,8000,0.9920399734009162,0.9999659312815783,1.0,8000,8000,8000,"(1, 1, 1)",8000,"(6, 14, 20)",0.00032393909944930353,"(4, 13, 20)",0.00032393909944930353,"(5, 13, 20)",0.00032393909944930353
decreasing,3,21,20,732.783,12.410228485638898,0.0010435649442073695,9261,8000,0.9,5174,2826,8000,0.997153097020632,0.999999498781647,1.0,8000,8000,8000,"(1, 1, 1)",8000,"(6, 14, 20)",0.00032393909944930353,"(4, 13, 20)",0.00032393909944930353,"(5, 13, 20)",0.00032393909944930353
decreasing,3,21,20,1024.0,12.415330374513212,0.0010375001823458997,9261,8000,0.9,5173,2827,8000,0.9992093297247459,0.9999999984107052,1.0,8000,8000,8000,"(1, 1, 1)",8000,"(6, 14, 20)",0.00032393909944930353,"(4, 13, 20)",0.00032393909944930353,"(5, 13, 20)",0.00032393909944930353
uniform,3,21,20,0.08700000000000001,1.6129245128324532e-13,11.167600255764903,9261,8000,0.9,1,7999,8000,0.00012500000000005484,0.0,0.9999999999553343,1,1,1,"(4, 4, 4)",1,"(4, 4, 4)",1.0,,,,
uniform,3,21,20,0.122,4.361581043116298e-13,11.167600255756303,9261,8000,0.9,1,7999,8000,0.00012500000000005942,0.0,0.9999999999885144,1,1,1,"(4, 4, 4)",1,"(4, 4, 4)",1.0,,,,
uniform,3,21,20,0.062,2.443454914153158e-11,11.167600258145635,9261,8000,0.9,1,7999,8000,0.00012500000001166778,0.0,0.9999999864697903,1,1,1,"(4, 4, 4)",1,"(4, 4, 4)",1.0,,,,
uniform,3,21,20,0.171,0.12395843352298569,10.41675257728478,9261,8000,0.9,1,7999,8000,0.00013883711984030594,0.0,0.9408475392697906,1,1,1,"(4, 4, 4)",1,"(4, 4, 4)",1.0,,,,
uniform,3,21,20,0.23800000000000002,0.8045613334584265,6.9980952963244585,9261,8000,0.9,6,7994,8000,0.0002780200673663974,0.0,0.7893168929034392,1,1,10,"(5, 5, 5)",7,"(5, 5, 5)",0.7512147716229349,"(7, 7, 2)",0.07493791167260555,"(2, 7, 7)",0.07493791167260555
uniform,3,21,20,0.333,1.37960791021881,4.917369161028162,9261,8000,0.9,7,7993,8000,0.0005267306056177243,0.0,0.688251294113591,4,7,7,"(7, 7, 2)",7,"(7, 7, 7)",0.42921930677032716,"(7, 7, 2)",0.16434510312061332,"(7, 2, 7)",0.16423712342079688
uniform,3,21,20,0.465,1.916481924960507,3.5603010750541184,9261,8000,0.9,19,7981,8000,0.0009025001616802189,0.0,0.7182807670691504,4,13,22,"(9, 2, 9)",19,"(8, 8, 8)",0.41950113378684806,"(9, 9, 2)",0.13616240146852393,"(9, 2, 9)",0.13616240146852393
uniform,3,21,20,0.65,2.4794417237441344,2.5339677614833906,9261,8000,0.9,19,7981,8000,0.001567378070740211,0.0,0.7534417839315052,10,19,28,"(9, 9, 9)",19,"(9, 9, 9)",0.20829284094590217,"(10, 10, 5)",0.10344455242414426,"(10, 5, 10)",0.10344455242414426
uniform,3,21,20,0.909,3.03046675255305,1.8157463473073268,9261,8000,0.9,54,7946,8000,0.0027331790589224083,0.0,0.5925443221228045,3,43,73,"(11, 11, 2)",67,"(11, 11, 4)",0.06338408379224705,"(11, 4, 11)",0.06338408379224705,"(4, 11, 11)",0.06338408379224705
uniform,3,21,20,1.27,3.572198710051056,1.3089867579404644,9261,8000,0.9,80,7920,8000,0.00440545850075549,0.0,0.9981756012008766,7,82,103,"(1, 1, 1)",88,"(12, 8, 12)",0.05096641831335709,"(12, 12, 8)",0.05096641831335709,"(8, 12, 12)",0.05096641831335709
uniform,3,21,20,1.7750000000000001,4.097939263849469,0.9579806815535462,9261,8000,0.9,137,7863,8000,0.006660729560808637,0.0,0.7739181484364427,13,94,172,"(2, 2, 2)",145,"(13, 9, 13)",0.05668934240362812,"(9, 13, 13)",0.056581362703811686,"(13, 13, 9)",0.05647338300399525
uniform,3,21,20,2.48,4.625077210490507,0.7053574623257535,9261,8000,0.9,223,7777,8000,0.010279271918792998,0.0,0.8175485322106791,21,131,284,"(14, 1, 1)",257,"(14, 13, 13)",0.020516142965122556,"(10, 14, 13)",0.02008422416585682,"(14, 10, 13)",0.02008422416585682
uniform,3,21,20,3.466,5.18201993070619,0.5151186695258578,9261,8000,0.9,313,7687,8000,0.016022197025248423,0.0,0.8404872634206642,63,207,378,"(1, 1, 1)",288,"(14, 14, 14)",0.03574128063923982,"(11, 15, 11)",0.019328366267141777,"(15, 11, 11)",0.019328366267141777
uniform,3,21,20,4.843,5.750302859357559,0.3759002544398143,9261,8000,0.9,441,7559,8000,0.024589935889917078,0.0,0.8764920867252171,68,344,600,"(1, 16, 2)",447,"(12, 15, 15)",0.01695281287118022,"(15, 12, 15)",0.01695281287118022,"(15, 15, 12)",0.01695281287118022
uniform,3,21,20,6.767,6.35157667199576,0.2704030241386756,9261,8000,0.9,619,7381,8000,0.03833108152092659,0.0,0.9575979607954118,109,581,943,"(1, 1, 1)",722,"(15, 15, 16)",0.008962315084764064,"(15, 16, 13)",0.008422416585681892,"(16, 13, 15)",0.008422416585681892
uniform,3,21,20,9.457,6.955671409071957,0.19483422416904161,9261,8000,0.9,1036,6964,8000,0.05955301143798106,0.0,0.991246303939438,192,853,1442,"(1, 1, 1)",1124,"(16, 16, 16)",0.010366051182377713,"(16, 14, 16)",0.008962315084764064,"(14, 16, 16)",0.008962315084764064
uniform,3,21,20,13.215,7.582820215528679,0.13837698263832848,9261,8000,0.9,1354,6646,8000,0.0918026537104168,0.0,0.9993213658405073,320,1454,2083,"(1, 1, 1)",1626,"(17, 16, 17)",0.004967066191555987,"(16, 17, 17)",0.003239390994493035,"(17, 8, 17)",0.002807472195227297
uniform,3,21,20,18.467,8.215653017667373,0.09779747551366524,9261,8000,0.9,2166,5834,8000,0.139825601538198,1.50666e-318,0.9999797894258913,556,2144,3044,"(1, 1, 1)",2636,"(17, 17, 17)",0.00550696469063816,"(5, 17, 17)",0.002807472195227297,"(17, 17, 5)",0.002807472195227297
uniform,3,21,20,25.806,8.866213537706502,0.06781771775180495,9261,8000,0.9,2906,5094,8000,0.208765640438854,0.08133898401518241,0.9999998455087927,1159,3216,3908,"(1, 1, 1)",3412,"(18, 1, 18)",0.0018356548968793867,"(1, 18, 18)",0.0018356548968793867,"(18, 18, 1)",0.0018356548968793867
uniform,3,21,20,36.062,9.5213345852807,0.04630208704430693,9261,8000,0.9,4164,3836,8000,0.30436160798558004,0.3196360547701438,0.9999999998250145,1966,4460,5270,"(1, 1, 1)",4553,"(18, 18, 14)",0.0011877766979807797,"(8, 18, 18)",0.0011877766979807797,"(14, 18, 18)",0.0011877766979807797
uniform,3,21,20,50.394,10.182123008625037,0.03070666829224861,9261,8000,0.9,5031,2969,8000,0.42439341021070953,0.4659656235745888,0.9999999999999866,3564,5691,6167,"(1, 1, 1)",5694,"(15, 9, 19)",0.0008638375985314761,"(9, 15, 19)",0.0008638375985314761,"(15, 19, 9)",0.0008638375985314761
uniform,3,21,20,70.421,10.835257654161147,0.01970241472732375,9261,8000,0.9,5810,2190,8000,0.5642038506360809,0.6147878055699735,1.0,5229,6698,7128,"(1, 1, 1)",6589,"(14, 17, 19)",0.0006478781988986071,"(17, 14, 19)",0.0006478781988986071,"(16, 19, 11)",0.0006478781988986071
uniform,3,21,20,98.407,11.49319768900839,0.011738835759886632,9261,8000,0.9,6560,1440,8000,0.7165816607752261,0.7568191926564185,1.0,6782,7703,7859,"(1, 1, 1)",7563,"(19, 18, 19)",0.00043191879926573806,"(12, 19, 19)",0.00043191879926573806,"(18, 19, 19)",0.00043191879926573806
uniform,3,21,20,137.51500000000001,12.043590145844597,0.006950829771436583,9261,8000,0.9,6761,1239,8000,0.8363977666870311,0.8934276319014784,1.0,7621,7845,7891,"(1, 1, 1)",7787,"(19, 19, 20)",0.00032393909944930353,"(20, 1, 1)",0.00032393909944930353,"(15, 20, 20)",0.00032393909944930353
uniform,3,21,20,192.166,12.427026023711672,0.004550259473606868,9261,8000,0.9,6891,1109,8000,0.9147452270456636,0.9650536815187842,1.0,7811,7918,7945,"(1, 1, 1)",7861,"(20, 20, 20)",0.00032393909944930353,"(19, 20, 20)",0.00032393909944930353,"(20, 1, 1)",0.00032393909944930353
uniform,3,21,20,268.535,12.649674982143516,0.003548868907512322,9261,8000,0.9,6974,1026,8000,0.9580337014326243,0.9927219936479821,1.0,7908,7957,7981,"(1, 1, 1)",7924,"(20, 20, 20)",0.00032393909944930353,"(19, 20, 20)",0.00032393909944930353,"(20, 1, 1)",0.00032393909944930353
uniform,3,21,20,375.254,12.768075554858491,0.003167476512129099,9261,8000,0.9,7027,973,8000,0.9803795068631346,0.9992197237375864,1.0,7957,7993,8000,"(1, 1, 1)",7981,"(20, 20, 20)",0.00032393909944930353,"(19, 20, 20)",0.00032393909944930353,"(18, 20, 20)",0.00032393909944930353
uniform,3,21,20,524.385,12.831026755674376,0.0030224479186923437,9261,8000,0.9,7054,946,8000,0.9916473445290385,0.99996180172499,1.0,7993,8000,8000,"(1, 1, 1)",7999,"(20, 20, 20)",0.00032393909944930353,"(6, 14, 20)",0.00032393909944930353,"(4, 13, 20)",0.00032393909944930353
uniform,3,21,20,732.783,12.864847667578935,0.0029666736520709697,9261,8000,0.9,7067,933,8000,0.9969885144261466,0.9999994098508899,1.0,8000,8000,8000,"(1, 1, 1)",8000,"(6, 14, 20)",0.00032393909944930353,"(4, 13, 20)",0.00032393909944930353,"(5, 13, 20)",0.00032393909944930353
uniform,3,21,20,1024.0,12.882310367103226,0.002946026712387,9261,8000,0.9,7072,928,8000,0.9991547743384263,0.9999999983188567,1.0,8000,8000,8000,"(1, 1, 1)",8000,"(6, 14, 20)",0.00032393909944930353,"(4, 13, 20)",0.00032393909944930353,"(5, 13, 20)",0.00032393909944930353
uniform,3,22,20,0.122,1.617812010495282e-11,11.63872000425715,10648,8000,0.9,1,7999,8000,0.00012500000000213946,0.0,0.9999999995305521,1,1,1,"(4, 4, 4)",1,"(4, 4, 4)",1.0,,,,
uniform,3,22,20,0.08700000000000001,2.6315819462138172e-11,11.638720005137944,10648,8000,0.9,1,7999,8000,0.00012500000000888696,0.0,0.9999999926332608,1,1,1,"(4, 4, 4)",1,"(4, 4, 4)",1.0,,,,
uniform,3,22,20,0.062,9.512710414440748e-10,11.638720072673724,10648,8000,0.9,1,7999,8000,0.00012500000044196125,0.0,0.999999487005756,1,1,1,"(4, 4, 4)",1,"(4, 4, 4)",1.0,,,,
uniform,3,22,20,0.171,0.18668151135880795,10.487774239814069,10648,8000,0.9,2,7998,8000,0.0001457739071196527,0.0,0.9098885247283102,1,1,1,"(4, 4, 4)",4,"(4, 4, 4)",0.9957738542449286,"(6, 6, 2)",0.0014087152516904582,"(6, 2, 6)",0.0014087152516904582
uniform,3,22,20,0.23800000000000002,0.948753197924967,6.683485105582037,10648,8000,0.9,4,7996,8000,0.0003318809092116887,0.0,0.7855522188847665,1,4,7,"(6, 6, 6)",7,"(6, 6, 6)",0.5979526671675433,"(7, 7, 2)",0.12462434259954921,"(2, 7, 7)",0.12462434259954921
uniform,3,22,20,0.333,1.4542581702114843,4.899456829489906,10648,8000,0.9,8,7992,8000,0.0005861065911702329,0.0,0.856269351130929,4,7,16,"(7, 7, 7)",13,"(7, 7, 7)",0.5218820435762584,"(8, 8, 2)",0.1380540946656649,"(2, 8, 8)",0.1380540946656649
uniform,3,22,20,0.465,1.9659329997905395,3.6059515548138665,10648,8000,0.9,15,7985,8000,0.0009424463296709658,0.0,0.7145196479199678,4,10,25,"(9, 2, 9)",19,"(8, 8, 8)",0.2705672426746807,"(9, 9, 2)",0.11776859504132231,"(9, 2, 9)",0.11776859504132231
uniform,3,22,20,0.65,2.5437772525396354,2.5432370891037284,10648,8000,0.9,28,7972,8000,0.0016570689261325043,0.0,0.6875909213378697,6,22,34,"(2, 2, 13)",25,"(10, 5, 10)",0.14256198347107438,"(5, 10, 10)",0.14115326821938393,"(10, 10, 5)",0.13993238166791885
uniform,3,22,20,0.909,3.108898835086357,1.8074162856130975,10648,8000,0.9,70,7930,8000,0.002978276655242892,0.0,0.7183249592253786,5,44,86,"(11, 11, 11)",74,"(11, 11, 11)",0.17327197595792637,"(7, 12, 11)",0.03540570999248685,"(11, 12, 7)",0.03540570999248685
uniform,3,22,20,1.27,3.6376186429512343,1.3136768266698517,10648,8000,0.9,91,7909,8000,0.0045774411644869005,0.0,0.9990021797322032,5,65,113,"(1, 1, 1)",89,"(12, 12, 12)",0.1284748309541698,"(14, 8, 8)",0.03615702479338843,"(8, 14, 8)",0.03615702479338843
uniform,3,22,20,1.7750000000000001,4.164645821898383,0.9603021539725712,10648,8000,0.9,123,7877,8000,0.007070980942013943,0.0,0.7262980304918513,26,104,167,"(13, 13, 1)",140,"(13, 13, 13)",0.09645003756574004,"(9, 14, 9)",0.022727272727272728,"(14, 9, 9)",0.022727272727272728
uniform,3,22,20,3.466,5.246210495641458,0.5177626904436288,10648,8000,0.9,342,7658,8000,0.01677189275295356,0.0,0.8740742517418749,56,218,419,"(1, 1, 15)",296,"(15, 12, 15)",0.018876784372652142,"(12, 15, 15)",0.018876784372652142,"(15, 15, 12)",0.018876784372652142
uniform,3,22,20,4.843,5.824108171424349,0.3758449167127972,10648,8000,0.9,461,7539,8000,0.02615759210394389,0.0,0.8287103860005236,80,384,648,"(1, 1, 1)",507,"(12, 16, 12)",0.012302779864763335,"(16, 12, 12)",0.012302779864763335,"(12, 12, 16)",0.012302779864763335
uniform,3,22,20,6.767,6.42119774040016,0.27142574702418093,10648,8000,0.9,808,7192,8000,0.04082517608011225,0.0,0.979609815542059,101,538,1028,"(1, 17, 1)",769,"(16, 16, 16)",0.018876784372652142,"(16, 11, 16)",0.00910969196093163,"(16, 16, 11)",0.00910969196093163
uniform,3,22,20,9.457,7.017646621182476,0.1963845402923573,10648,8000,0.9,967,7033,8000,0.06273080640700586,0.0,0.9914614471527263,227,929,1474,"(1, 1, 1)",1096,"(17, 17, 15)",0.0074192336589030804,"(15, 17, 17)",0.0074192336589030804,"(17, 15, 17)",0.0074192336589030804
uniform,3,22,20,13.215,7.6598200350733,0.13869427427936745,10648,8000,0.9,1722,6278,8000,0.09846899613009734,0.0,0.9993202942700345,354,1458,2248,"(1, 1, 1)",1753,"(17, 17, 18)",0.004789631855747558,"(17, 18, 17)",0.003850488354620586,"(15, 18, 15)",0.0035687453042824945
uniform,3,22,20,18.467,8.282279369904622,0.09870476182499502,10648,8000,0.9,2458,5542,8000,0.14902254761815115,2.813663880612691e-141,0.9999797921873613,520,2288,3246,"(1, 1, 1)",2549,"(16, 18, 18)",0.0030991735537190084,"(18, 18, 16)",0.0030991735537190084,"(18, 16, 18)",0.0030991735537190084
uniform,3,22,20,25.806,8.927401883273534,0.06895061283607327,10648,8000,0.9,3046,4954,8000,0.22008034552607209,0.08845792080951285,0.9999998455093833,1277,3285,3954,"(1, 1, 1)",3503,"(19, 1, 19)",0.0014087152516904582,"(19, 19, 1)",0.0014087152516904582,"(1, 19, 19)",0.0014087152516904582
uniform,3,22,20,36.062,9.539854235534023,0.04879649171768999,10648,8000,0.9,4053,3947,8000,0.31142776023216695,0.3108039062359713,0.9999999998250145,2159,4373,5187,"(1, 1, 1)",4494,"(19, 10, 19)",0.0011269722013523666,"(19, 9, 19)",0.0011269722013523666,"(10, 19, 19)",0.0011269722013523666
uniform,3,22,20,50.394,10.17726237037605,0.033757690770545024,10648,8000,0.9,5026,2974,8000,0.43357691948199545,0.4650861646137513,0.9999999999999863,3572,5833,6353,"(1, 1, 1)",5884,"(6, 20, 20)",0.0009391435011269722,"(20, 20, 6)",0.0009391435011269722,"(20, 6, 20)",0.0009391435011269722
uniform,3,22,20,70.421,10.789291171110145,0.023426880731768206,10648,8000,0.9,5509,2491,8000,0.5659441889873924,0.6264510504146532,1.0,5341,6569,6894,"(1, 1, 1)",6488,"(16, 20, 10)",0.0006574004507888805,"(20, 16, 10)",0.0006574004507888805,"(10, 16, 20)",0.0006574004507888805
uniform,3,22,20,98.407,11.381301234882072,0.016271304336194725,10648,8000,0.9,6022,1978,8000,0.7034288259907328,0.7830668859497922,1.0,6608,7208,7457,"(1, 1, 1)",7083,"(20, 16, 10)",0.0006574004507888805,"(16, 20, 10)",0.0006574004507888805,"(10, 16, 20)",0.0006574004507888805
uniform,3,22,20,137.51500000000001,11.904611955639707,0.011725067191170273,10648,8000,0.9,6418,1582,8000,0.8246370157907134,0.905404942224983,1.0,7387,7685,7757,"(1, 1, 1)",7583,"(15, 20, 18)",0.0005634861006761833,"(20, 15, 18)",0.0005634861006761833,"(20, 9, 15)",0.0005634861006761833
uniform,3,22,20,192.166,12.284051752779158,0.009351845822903122,10648,8000,0.9,6658,1342,8000,0.9073596560509971,0.9706115382295013,1.0,7757,7844,7867,"(1, 1, 1)",7781,"(20, 18, 15)",0.0005634861006761833,"(18, 20, 15)",0.0005634861006761833,"(20, 15, 18)",0.0005634861006761833
uniform,3,22,20,268.535,12.51230541194774,0.008326257103417225,10648,8000,0.9,6775,1225,8000,0.953207130337835,0.9935303618142661,1.0,7861,7909,7918,"(1, 1, 1)",7879,"(15, 18, 20)",0.0005634861006761833,"(18, 20, 15)",0.0005634861006761833,"(20, 18, 15)",0.0005634861006761833
uniform,3,22,20,375.254,12.639930667785421,0.007915847492629472,10648,8000,0.9,6851,1149,8000,0.9774049375389687,0.9992583720153971,1.0,7918,7963,7981,"(1, 1, 1)",7930,"(16, 20, 20)",0.0004695717505634861,"(20, 16, 20)",0.0004695717505634861,"(18, 20, 15)",0.0004695717505634861
uniform,3,22,20,524.385,12.712198045842428,0.007749640531995982,10648,8000,0.9,6899,1101,8000,0.9902340353856729,0.9999613637820425,1.0,7981,7993,7999,"(1, 1, 1)",7981,"(15, 18, 20)",0.0004695717505634861,"(18, 15, 20)",0.0004695717505634861,"(20, 18, 15)",0.0004695717505634861
uniform,3,22,20,732.783,12.753207726221886,0.007682102116547549,10648,8000,0.9,6923,1077,8000,0.9964642136949281,0.9999994320596475,1.0,7999,8000,8000,"(1, 1, 1)",8000,"(15, 18, 20)",0.0004695717505634861,"(18, 15, 20)",0.0004695717505634861,"(15, 20, 18)",0.0004695717505634861
uniform,3,22,20,1024.0,12.775537447254738,0.007655742803241333,10648,8000,0.9,6932,1068,8000,0.999001288697197,0.9999999983239939,1.0,8000,8000,8000,"(1, 1, 1)",8000,"(15, 18, 20)",0.0004695717505634861,"(18, 15, 20)",0.0004695717505634861,"(15, 20, 18)",0.0004695717505634861
