generation,timestep,channel_beta,rate,distortion,expected_true_probs_surprisal,prop_max_hit
0,0,0.0625,4.948485804139469e-05,11.638802467947515,0.6931471805599441,0.0
0,1,0.0625,4.948485804139469e-05,11.638802467947515,0.9899409166847176,0.0
0,2,0.0625,4.948485804139469e-05,11.638802467947515,1.2001172477589008,0.0
1,0,0.0625,4.948485804139469e-05,11.638802467947515,-0.6794886803042645,0.0
1,1,0.0625,4.948485804139469e-05,11.638802467947515,-0.3826949151860284,0.0
1,2,0.0625,4.948485804139469e-05,11.638802467947515,-0.1263522112735992,0.0
2,0,0.0625,4.948485804139469e-05,11.638802467947515,-0.6795192974298963,0.0
2,1,0.0625,4.948485804139469e-05,11.638802467947515,-0.3827255227070679,0.0
2,2,0.0625,4.948485804139469e-05,11.638802467947515,-0.12638254071071675,0.0
3,0,0.0625,4.948485804139469e-05,11.638802467947515,-0.6795192975616807,0.0
3,1,0.0625,4.948485804139469e-05,11.638802467947515,-0.38272552283882066,0.0
3,2,0.0625,4.948485804139469e-05,11.638802467947515,-0.1263825408412801,0.0
4,0,0.0625,4.948485804139469e-05,11.638802467947515,-0.6795192975616812,0.0
4,1,0.0625,4.948485804139469e-05,11.638802467947515,-0.38272552283882105,0.0
4,2,0.0625,4.948485804139469e-05,11.638802467947515,-0.12638254084128092,0.0
5,0,0.0625,4.948485804139469e-05,11.638802467947515,-0.6795192975616812,0.0
5,1,0.0625,4.948485804139469e-05,11.638802467947515,-0.38272552283882105,0.0
5,2,0.0625,4.948485804139469e-05,11.638802467947515,-0.12638254084128092,0.0
6,0,0.0625,4.948485804139469e-05,11.638802467947515,-0.6795192975616812,0.0
6,1,0.0625,4.948485804139469e-05,11.638802467947515,-0.38272552283882105,0.0
6,2,0.0625,4.948485804139469e-05,11.638802467947515,-0.12638254084128092,0.0
7,0,0.0625,4.948485804139469e-05,11.638802467947515,-0.6795192975616812,0.0
7,1,0.0625,4.948485804139469e-05,11.638802467947515,-0.38272552283882105,0.0
7,2,0.0625,4.948485804139469e-05,11.638802467947515,-0.12638254084128092,0.0
8,0,0.0625,4.948485804139469e-05,11.638802467947515,-0.6795192975616812,0.0
8,1,0.0625,4.948485804139469e-05,11.638802467947515,-0.38272552283882105,0.0
8,2,0.0625,4.948485804139469e-05,11.638802467947515,-0.12638254084128092,0.0
9,0,0.0625,4.948485804139469e-05,11.638802467947515,-0.6795192975616812,0.0
9,1,0.0625,4.948485804139469e-05,11.638802467947515,-0.38272552283882105,0.0
9,2,0.0625,4.948485804139469e-05,11.638802467947515,-0.12638254084128092,0.0
0,0,0.0873383218223026,1.0286972010701938e-05,11.638727901140635,0.6931471805599441,0.0
0,1,0.0873383218223026,1.0286972010701938e-05,11.638727901140635,0.9899409166847176,0.0
0,2,0.0873383218223026,1.0286972010701938e-05,11.638727901140635,1.2001172477589008,0.0
1,0,0.0873383218223026,1.0286972010701938e-05,11.638727901140635,-0.6791136260924946,0.0
1,1,0.0873383218223026,1.0286972010701938e-05,11.638727901140635,-0.38231988174416925,0.0
1,2,0.0873383218223026,1.0286972010701938e-05,11.638727901140635,-0.12598051370459884,0.0
2,0,0.0873383218223026,1.0286972010701938e-05,11.638727901140635,-0.6791186570885976,0.0
2,1,0.0873383218223026,1.0286972010701938e-05,11.638727901140635,-0.3823249078831374,0.0
2,2,0.0873383218223026,1.0286972010701938e-05,11.638727901140635,-0.12598549175826967,0.0
3,0,0.0873383218223026,1.0286972010701938e-05,11.638727901140635,-0.6791186570921713,0.0
3,1,0.0873383218223026,1.0286972010701938e-05,11.638727901140635,-0.3823249078867083,0.0
3,2,0.0873383218223026,1.0286972010701938e-05,11.638727901140635,-0.1259854917618073,0.0
4,0,0.0873383218223026,1.0286972010701938e-05,11.638727901140635,-0.6791186570921713,0.0
4,1,0.0873383218223026,1.0286972010701938e-05,11.638727901140635,-0.38232490788670814,0.0
4,2,0.0873383218223026,1.0286972010701938e-05,11.638727901140635,-0.1259854917618073,0.0
5,0,0.0873383218223026,1.0286972010701938e-05,11.638727901140635,-0.6791186570921712,0.0
5,1,0.0873383218223026,1.0286972010701938e-05,11.638727901140635,-0.38232490788670814,0.0
5,2,0.0873383218223026,1.0286972010701938e-05,11.638727901140635,-0.1259854917618073,0.0
6,0,0.0873383218223026,1.0286972010701938e-05,11.638727901140635,-0.6791186570921711,0.0
6,1,0.0873383218223026,1.0286972010701938e-05,11.638727901140635,-0.3823249078867081,0.0
6,2,0.0873383218223026,1.0286972010701938e-05,11.638727901140635,-0.1259854917618073,0.0
7,0,0.0873383218223026,1.0286972010701938e-05,11.638727901140635,-0.6791186570921711,0.0
7,1,0.0873383218223026,1.0286972010701938e-05,11.638727901140635,-0.3823249078867081,0.0
7,2,0.0873383218223026,1.0286972010701938e-05,11.638727901140635,-0.1259854917618068,0.0
8,0,0.0873383218223026,1.0286972010701938e-05,11.638727901140635,-0.6791186570921711,0.0
8,1,0.0873383218223026,1.0286972010701938e-05,11.638727901140635,-0.3823249078867081,0.0
8,2,0.0873383218223026,1.0286972010701938e-05,11.638727901140635,-0.1259854917618068,0.0
9,0,0.0873383218223026,1.0286972010701938e-05,11.638727901140635,-0.6791186570921711,0.0
9,1,0.0873383218223026,1.0286972010701938e-05,11.638727901140635,-0.3823249078867081,0.0
9,2,0.0873383218223026,1.0286972010701938e-05,11.638727901140635,-0.1259854917618068,0.0
0,0,0.1220477193397777,1.0086627239775064e-05,11.63871368006476,0.6931471805599441,0.0
0,1,0.1220477193397777,1.0086627239775064e-05,11.63871368006476,0.9899409166847176,0.0
0,2,0.1220477193397777,1.0086627239775064e-05,11.63871368006476,1.2001172477589008,0.0
1,0,0.1220477193397777,1.0086627239775064e-05,11.63871368006476,-0.6790795973382697,0.0
1,1,0.1220477193397777,1.0086627239775064e-05,11.63871368006476,-0.3822858040717536,0.0
1,2,0.1220477193397777,1.0086627239775064e-05,11.63871368006476,-0.1259466992089417,0.0
2,0,0.1220477193397777,1.0086627239775064e-05,11.63871368006476,-0.6790818220406615,0.0
2,1,0.1220477193397777,1.0086627239775064e-05,11.63871368006476,-0.3822879501719953,0.0
2,2,0.1220477193397777,1.0086627239775064e-05,11.63871368006476,-0.12594876826297868,0.0
3,0,0.1220477193397777,1.0086627239775064e-05,11.63871368006476,-0.6790818220416254,0.0
3,1,0.1220477193397777,1.0086627239775064e-05,11.63871368006476,-0.3822879501729017,0.0
3,2,0.1220477193397777,1.0086627239775064e-05,11.63871368006476,-0.12594876826383572,0.0
4,0,0.1220477193397777,1.0086627239775064e-05,11.63871368006476,-0.6790818220416253,0.0
4,1,0.1220477193397777,1.0086627239775064e-05,11.63871368006476,-0.3822879501729017,0.0
4,2,0.1220477193397777,1.0086627239775064e-05,11.63871368006476,-0.12594876826383572,0.0
5,0,0.1220477193397777,1.0086627239775064e-05,11.63871368006476,-0.6790818220416253,0.0
5,1,0.1220477193397777,1.0086627239775064e-05,11.63871368006476,-0.3822879501729014,0.0
5,2,0.1220477193397777,1.0086627239775064e-05,11.63871368006476,-0.1259487682638356,0.0
6,0,0.1220477193397777,1.0086627239775064e-05,11.63871368006476,-0.679081822041625,0.0
6,1,0.1220477193397777,1.0086627239775064e-05,11.63871368006476,-0.3822879501729014,0.0
6,2,0.1220477193397777,1.0086627239775064e-05,11.63871368006476,-0.12594876826383544,0.0
7,0,0.1220477193397777,1.0086627239775064e-05,11.63871368006476,-0.679081822041625,0.0
7,1,0.1220477193397777,1.0086627239775064e-05,11.63871368006476,-0.3822879501729014,0.0
7,2,0.1220477193397777,1.0086627239775064e-05,11.63871368006476,-0.12594876826383544,0.0
8,0,0.1220477193397777,1.0086627239775064e-05,11.63871368006476,-0.6790818220416248,0.0
8,1,0.1220477193397777,1.0086627239775064e-05,11.63871368006476,-0.38228795017290124,0.0
8,2,0.1220477193397777,1.0086627239775064e-05,11.63871368006476,-0.1259487682638355,0.0
9,0,0.1220477193397777,1.0086627239775064e-05,11.63871368006476,-0.6790818220416247,0.0
9,1,0.1220477193397777,1.0086627239775064e-05,11.63871368006476,-0.3822879501729013,0.0
9,2,0.1220477193397777,1.0086627239775064e-05,11.63871368006476,-0.12594876826383533,0.0
0,0,0.1705510878300092,0.2303211048038225,10.244175433603482,0.6931471805599441,0.0
0,1,0.1705510878300092,0.2303211048038225,10.244175433603482,0.9899409166847176,0.0
0,2,0.1705510878300092,0.2303211048038225,10.244175433603482,1.2001172477589008,0.0
1,0,0.1705510878300092,0.2303211048038225,10.244175433603482,-0.9778104952593173,0.0
1,1,0.1705510878300092,0.2303211048038225,10.244175433603482,-0.6780631716052452,0.0
1,2,0.1705510878300092,0.2303211048038225,10.244175433603482,-0.4173882922339851,0.0
2,0,0.1705510878300092,0.2303211048038225,10.244175433603482,-1.0239848812227308,0.0
2,1,0.1705510878300092,0.2303211048038225,10.244175433603482,-0.7202516437449838,0.0
2,2,0.1705510878300092,0.2303211048038225,10.244175433603482,-0.4562233318740967,0.0
3,0,0.1705510878300092,0.2303211048038225,10.244175433603482,-1.0282662959293092,0.0
3,1,0.1705510878300092,0.2303211048038225,10.244175433603482,-0.7241425963354806,0.0
3,2,0.1705510878300092,0.2303211048038225,10.244175433603482,-0.4597938787905805,0.0
4,0,0.1705510878300092,0.2303211048038225,10.244175433603482,-1.0286193301095454,0.0
4,1,0.1705510878300092,0.2303211048038225,10.244175433603482,-0.7244650363753189,0.0
4,2,0.1705510878300092,0.2303211048038225,10.244175433603482,-0.4600911687488593,0.0
5,0,0.1705510878300092,0.2303211048038225,10.244175433603482,-1.028646222388354,0.0
5,1,0.1705510878300092,0.2303211048038225,10.244175433603482,-0.7244896788095744,0.0
5,2,0.1705510878300092,0.2303211048038225,10.244175433603482,-0.46011395627249,0.0
6,0,0.1705510878300092,0.2303211048038225,10.244175433603482,-1.0286482432648572,0.0
6,1,0.1705510878300092,0.2303211048038225,10.244175433603482,-0.7244915362874782,0.0
6,2,0.1705510878300092,0.2303211048038225,10.244175433603482,-0.4601156785436906,0.0
7,0,0.1705510878300092,0.2303211048038225,10.244175433603482,-1.0286483961075363,0.0
7,1,0.1705510878300092,0.2303211048038225,10.244175433603482,-0.7244916772179001,0.0
7,2,0.1705510878300092,0.2303211048038225,10.244175433603482,-0.46011580957467385,0.0
8,0,0.1705510878300092,0.2303211048038225,10.244175433603482,-1.0286484078212252,0.0
8,1,0.1705510878300092,0.2303211048038225,10.244175433603482,-0.724491688054363,0.0
8,2,0.1705510878300092,0.2303211048038225,10.244175433603482,-0.4601158196785503,0.0
9,0,0.1705510878300092,0.2303211048038225,10.244175433603482,-1.0286484087331054,0.0
9,1,0.1705510878300092,0.2303211048038225,10.244175433603482,-0.7244916889007937,0.0
9,2,0.1705510878300092,0.2303211048038225,10.244175433603482,-0.46011582047002497,0.0
0,0,0.2383303327366585,0.927350372661028,6.778970318475658,0.6931471805599441,0.0
0,1,0.2383303327366585,0.927350372661028,6.778970318475658,0.9899409166847176,0.0
0,2,0.2383303327366585,0.927350372661028,6.778970318475658,1.2001172477589008,0.0
1,0,0.2383303327366585,0.927350372661028,6.778970318475658,-1.8905205544338444,0.0
1,1,0.2383303327366585,0.927350372661028,6.778970318475658,-1.5968728848606315,0.0
1,2,0.2383303327366585,0.927350372661028,6.778970318475658,-1.3352944460411196,0.0
2,0,0.2383303327366585,0.927350372661028,6.778970318475658,-1.991287208514059,0.0
2,1,0.2383303327366585,0.927350372661028,6.778970318475658,-1.6928487342282401,0.0
2,2,0.2383303327366585,0.927350372661028,6.778970318475658,-1.4264995109053433,0.0
3,0,0.2383303327366585,0.927350372661028,6.778970318475658,-2.0499805422903083,0.0
3,1,0.2383303327366585,0.927350372661028,6.778970318475658,-1.7473675857147462,0.0
3,2,0.2383303327366585,0.927350372661028,6.778970318475658,-1.47738868681946,0.0
4,0,0.2383303327366585,0.927350372661028,6.778970318475658,-2.077185976749309,0.0
4,1,0.2383303327366585,0.927350372661028,6.778970318475658,-1.7725582147247494,0.0
4,2,0.2383303327366585,0.927350372661028,6.778970318475658,-1.5008629117622303,0.0
5,0,0.2383303327366585,0.927350372661028,6.778970318475658,-2.088506541562748,0.0
5,1,0.2383303327366585,0.927350372661028,6.778970318475658,-1.7830431940644385,0.0
5,2,0.2383303327366585,0.927350372661028,6.778970318475658,-1.510640053923472,0.0
6,0,0.2383303327366585,0.927350372661028,6.778970318475658,-2.0930127827390885,0.0
6,1,0.2383303327366585,0.927350372661028,6.778970318475658,-1.7872230668500748,0.0
6,2,0.2383303327366585,0.927350372661028,6.778970318475658,-1.5145436484161352,0.0
7,0,0.2383303327366585,0.927350372661028,6.778970318475658,-2.094775438128641,0.0
7,1,0.2383303327366585,0.927350372661028,6.778970318475658,-1.7888614473392555,0.0
7,2,0.2383303327366585,0.927350372661028,6.778970318475658,-1.516076659388478,0.0
8,0,0.2383303327366585,0.927350372661028,6.778970318475658,-2.095462287608661,0.0
8,1,0.2383303327366585,0.927350372661028,6.778970318475658,-1.7895013847098844,0.0
8,2,0.2383303327366585,0.927350372661028,6.778970318475658,-1.516676705993426,0.0
9,0,0.2383303327366585,0.927350372661028,6.778970318475658,-2.0957308829478416,0.0
9,1,0.2383303327366585,0.927350372661028,6.778970318475658,-1.7897522633697305,0.0
9,2,0.2383303327366585,0.927350372661028,6.778970318475658,-1.5169124637017863,0.0
0,0,0.333045940809132,1.449711934132035,4.920326819491011,0.6931471805599441,0.0
0,1,0.333045940809132,1.449711934132035,4.920326819491011,0.9899409166847176,0.0
0,2,0.333045940809132,1.449711934132035,4.920326819491011,1.2001172477589008,0.0
1,0,0.333045940809132,1.449711934132035,4.920326819491011,-1.9564964455514506,0.0
1,1,0.333045940809132,1.449711934132035,4.920326819491011,-1.6936281419744836,0.0
1,2,0.333045940809132,1.449711934132035,4.920326819491011,-1.4568439500874628,0.0
2,0,0.333045940809132,1.449711934132035,4.920326819491011,-2.1528977366122173,0.0
2,1,0.333045940809132,1.449711934132035,4.920326819491011,-1.888098209050329,0.0
2,2,0.333045940809132,1.449711934132035,4.920326819491011,-1.6479496157063864,0.0
3,0,0.333045940809132,1.449711934132035,4.920326819491011,-2.321174764365514,0.0
3,1,0.333045940809132,1.449711934132035,4.920326819491011,-2.0500197812305148,0.0
3,2,0.333045940809132,1.449711934132035,4.920326819491011,-1.803689777506529,0.0
4,0,0.333045940809132,1.449711934132035,4.920326819491011,-2.4473446461545123,0.0
4,1,0.333045940809132,1.449711934132035,4.920326819491011,-2.1702354962424115,0.0
4,2,0.333045940809132,1.449711934132035,4.920326819491011,-1.9184477215647917,0.0
5,0,0.333045940809132,1.449711934132035,4.920326819491011,-2.5349635377216924,0.0
5,1,0.333045940809132,1.449711934132035,4.920326819491011,-2.253352515970839,0.0
5,2,0.333045940809132,1.449711934132035,4.920326819491011,-1.9975224455691878,0.0
6,0,0.333045940809132,1.449711934132035,4.920326819491011,-2.593894879702528,0.0
6,1,0.333045940809132,1.449711934132035,4.920326819491011,-2.3091377096906345,0.0
6,2,0.333045940809132,1.449711934132035,4.920326819491011,-2.0505092632009188,0.0
7,0,0.333045940809132,1.449711934132035,4.920326819491011,-2.633002287160008,0.0
7,1,0.333045940809132,1.449711934132035,4.920326819491011,-2.346123047698611,0.0
7,2,0.333045940809132,1.449711934132035,4.920326819491011,-2.0856159026196526,0.0
8,0,0.333045940809132,1.449711934132035,4.920326819491011,-2.6588305523541993,0.0
8,1,0.333045940809132,1.449711934132035,4.920326819491011,-2.3705441381063688,0.0
8,2,0.333045940809132,1.449711934132035,4.920326819491011,-2.108793921325131,0.0
9,0,0.333045940809132,1.449711934132035,4.920326819491011,-2.6758807733752836,0.0
9,1,0.333045940809132,1.449711934132035,4.920326819491011,-2.3866685728459536,0.0
9,2,0.333045940809132,1.449711934132035,4.920326819491011,-2.1241011434070196,0.0
0,0,0.4654027769599926,1.9808570287001217,3.5801894810042487,0.6931471805599441,0.0
0,1,0.4654027769599926,1.9808570287001217,3.5801894810042487,0.9899409166847176,0.0
0,2,0.4654027769599926,1.9808570287001217,3.5801894810042487,1.2001172477589008,0.0
1,0,0.4654027769599926,1.9808570287001217,3.5801894810042487,-1.4758733719280226,0.0
1,1,0.4654027769599926,1.9808570287001217,3.5801894810042487,-1.2564439002406411,0.0
1,2,0.4654027769599926,1.9808570287001217,3.5801894810042487,-1.0572983707970809,0.0
2,0,0.4654027769599926,1.9808570287001217,3.5801894810042487,-1.797567921388708,0.0
2,1,0.4654027769599926,1.9808570287001217,3.5801894810042487,-1.5765603062453564,0.0
2,2,0.4654027769599926,1.9808570287001217,3.5801894810042487,-1.373963697108585,0.0
3,0,0.4654027769599926,1.9808570287001217,3.5801894810042487,-2.0785858624598648,0.0
3,1,0.4654027769599926,1.9808570287001217,3.5801894810042487,-1.8508795144834487,0.0
3,2,0.4654027769599926,1.9808570287001217,3.5801894810042487,-1.6413090966849453,0.0
4,0,0.4654027769599926,1.9808570287001217,3.5801894810042487,-2.3190174003623287,0.0
4,1,0.4654027769599926,1.9808570287001217,3.5801894810042487,-2.0834041456325907,0.0
4,2,0.4654027769599926,1.9808570287001217,3.5801894810042487,-1.8662520051716724,0.0
5,0,0.4654027769599926,1.9808570287001217,3.5801894810042487,-2.515440906640553,0.0
5,1,0.4654027769599926,1.9808570287001217,3.5801894810042487,-2.2724552794670245,0.0
5,2,0.4654027769599926,1.9808570287001217,3.5801894810042487,-2.0484322326910096,0.0
6,0,0.4654027769599926,1.9808570287001217,3.5801894810042487,-2.6710712343971164,0.0
6,1,0.4654027769599926,1.9808570287001217,3.5801894810042487,-2.4218440669978345,0.0
6,2,0.4654027769599926,1.9808570287001217,3.5801894810042487,-2.1920810867584666,0.0
7,0,0.4654027769599926,1.9808570287001217,3.5801894810042487,-2.792147001631953,0.0
7,1,0.4654027769599926,1.9808570287001217,3.5801894810042487,-2.5378840748026024,0.0
7,2,0.4654027769599926,1.9808570287001217,3.5801894810042487,-2.3035232260888776,0.0
8,0,0.4654027769599926,1.9808570287001217,3.5801894810042487,-2.8853744842588616,0.0
8,1,0.4654027769599926,1.9808570287001217,3.5801894810042487,-2.6271534262181646,0.0
8,2,0.4654027769599926,1.9808570287001217,3.5801894810042487,-2.389193608843999,0.0
9,0,0.4654027769599926,1.9808570287001217,3.5801894810042487,-2.9567762795465846,0.0
9,1,0.4654027769599926,1.9808570287001217,3.5801894810042487,-2.6954893050803115,0.0
9,2,0.4654027769599926,1.9808570287001217,3.5801894810042487,-2.4547486148850837,0.0
0,0,0.6503599601780028,2.5533788639137507,2.5317098114972065,0.6931471805599441,0.0
0,1,0.6503599601780028,2.5533788639137507,2.5317098114972065,0.9899409166847176,0.0
0,2,0.6503599601780028,2.5533788639137507,2.5317098114972065,1.2001172477589008,0.0
1,0,0.6503599601780028,2.5533788639137507,2.5317098114972065,-1.320378142523153,0.0
1,1,0.6503599601780028,2.5533788639137507,2.5317098114972065,-1.1195253844704007,0.0
1,2,0.6503599601780028,2.5533788639137507,2.5317098114972065,-0.9363125250104369,0.0
2,0,0.6503599601780028,2.5533788639137507,2.5317098114972065,-1.4948962737414158,0.0
2,1,0.6503599601780028,2.5533788639137507,2.5317098114972065,-1.3014799115644398,0.0
2,2,0.6503599601780028,2.5533788639137507,2.5317098114972065,-1.1229411878711084,0.0
3,0,0.6503599601780028,2.5533788639137507,2.5317098114972065,-1.7166122633680965,0.0
3,1,0.6503599601780028,2.5533788639137507,2.5317098114972065,-1.5223256748590064,0.0
3,2,0.6503599601780028,2.5533788639137507,2.5317098114972065,-1.3419481129921178,0.0
4,0,0.6503599601780028,2.5533788639137507,2.5317098114972065,-1.9491806250173247,0.0
4,1,0.6503599601780028,2.5533788639137507,2.5317098114972065,-1.750339861808403,0.0
4,2,0.6503599601780028,2.5533788639137507,2.5317098114972065,-1.565242456850609,0.0
5,0,0.6503599601780028,2.5533788639137507,2.5317098114972065,-2.1703423527133574,0.0
5,1,0.6503599601780028,2.5533788639137507,2.5317098114972065,-1.9656106628147103,0.0
5,2,0.6503599601780028,2.5533788639137507,2.5317098114972065,-1.77481560905732,0.0
6,0,0.6503599601780028,2.5533788639137507,2.5317098114972065,-2.369044330035847,0.0
6,1,0.6503599601780028,2.5533788639137507,2.5317098114972065,-2.1582953054626404,0.0
6,2,0.6503599601780028,2.5533788639137507,2.5317098114972065,-1.9618155225928435,0.0
7,0,0.6503599601780028,2.5533788639137507,2.5317098114972065,-2.5415530328089937,0.0
7,1,0.6503599601780028,2.5533788639137507,2.5317098114972065,-2.325226132122197,0.0
7,2,0.6503599601780028,2.5533788639137507,2.5317098114972065,-2.1235337653145763,0.0
8,0,0.6503599601780028,2.5533788639137507,2.5317098114972065,-2.6882035858625484,0.0
8,1,0.6503599601780028,2.5533788639137507,2.5317098114972065,-2.4669573292271507,0.0
8,2,0.6503599601780028,2.5533788639137507,2.5317098114972065,-2.260694432375991,0.0
9,0,0.6503599601780028,2.5533788639137507,2.5317098114972065,-2.811262600929423,0.0
9,1,0.6503599601780028,2.5533788639137507,2.5317098114972065,-2.5857984656997983,0.0
9,2,0.6503599601780028,2.5533788639137507,2.5317098114972065,-2.3756299497315636,0.0
0,0,0.9088215600378616,3.10345415516972,1.8155777262794048,0.6931471805599441,0.0
0,1,0.9088215600378616,3.10345415516972,1.8155777262794048,0.9899409166847176,0.0
0,2,0.9088215600378616,3.10345415516972,1.8155777262794048,1.2001172477589008,0.0
1,0,0.9088215600378616,3.10345415516972,1.8155777262794048,-1.3239818559239762,0.0
1,1,0.9088215600378616,3.10345415516972,1.8155777262794048,-1.1291111299507361,0.0
1,2,0.9088215600378616,3.10345415516972,1.8155777262794048,-0.951492183686111,0.0
2,0,0.9088215600378616,3.10345415516972,1.8155777262794048,-1.3019648011302798,0.0
2,1,0.9088215600378616,3.10345415516972,1.8155777262794048,-1.123045520944351,0.0
2,2,0.9088215600378616,3.10345415516972,1.8155777262794048,-0.9574033934940624,0.0
3,0,0.9088215600378616,3.10345415516972,1.8155777262794048,-1.3549353108784443,0.0
3,1,0.9088215600378616,3.10345415516972,1.8155777262794048,-1.1822464383845315,0.0
3,2,0.9088215600378616,3.10345415516972,1.8155777262794048,-1.0212363219282021,0.0
4,0,0.9088215600378616,3.10345415516972,1.8155777262794048,-1.4654654267917,0.0
4,1,0.9088215600378616,3.10345415516972,1.8155777262794048,-1.29386754523824,0.0
4,2,0.9088215600378616,3.10345415516972,1.8155777262794048,-1.1332734633553136,0.0
5,0,0.9088215600378616,3.10345415516972,1.8155777262794048,-1.606255509300325,0.0
5,1,0.9088215600378616,3.10345415516972,1.8155777262794048,-1.432914882047288,0.0
5,2,0.9088215600378616,3.10345415516972,1.8155777262794048,-1.2703732734425852,0.0
6,0,0.9088215600378616,3.10345415516972,1.8155777262794048,-1.7584517454371489,0.0
6,1,0.9088215600378616,3.10345415516972,1.8155777262794048,-1.581927128529895,0.0
6,2,0.9088215600378616,3.10345415516972,1.8155777262794048,-1.416238403207366,0.0
7,0,0.9088215600378616,3.10345415516972,1.8155777262794048,-1.9098035516695882,0.0
7,1,0.9088215600378616,3.10345415516972,1.8155777262794048,-1.7294906313142429,0.0
7,2,0.9088215600378616,3.10345415516972,1.8155777262794048,-1.5601694428341928,0.0
8,0,0.9088215600378616,3.10345415516972,1.8155777262794048,-2.053139263866323,0.0
8,1,0.9088215600378616,3.10345415516972,1.8155777262794048,-1.8689183974630725,0.0
8,2,0.9088215600378616,3.10345415516972,1.8155777262794048,-1.6958968115391062,0.0
9,0,0.9088215600378616,3.10345415516972,1.8155777262794048,-2.1847981480658554,0.0
9,1,0.9088215600378616,3.10345415516972,1.8155777262794048,-1.9968155174239826,0.0
9,2,0.9088215600378616,3.10345415516972,1.8155777262794048,-1.82025464080555,0.0
0,0,1.2699991982341428,3.6402441794120097,1.3128150599451256,0.6931471805599441,0.0
0,1,1.2699991982341428,3.6402441794120097,1.3128150599451256,0.9899409166847176,0.0
0,2,1.2699991982341428,3.6402441794120097,1.3128150599451256,1.2001172477589008,0.0
1,0,1.2699991982341428,3.6402441794120097,1.3128150599451256,-0.8268851999434368,0.0
1,1,1.2699991982341428,3.6402441794120097,1.3128150599451256,-0.6330674729547615,0.0
1,2,1.2699991982341428,3.6402441794120097,1.3128150599451256,-0.46345630233086976,0.0
2,0,1.2699991982341428,3.6402441794120097,1.3128150599451256,-0.9129357096938435,0.0
2,1,1.2699991982341428,3.6402441794120097,1.3128150599451256,-0.747526076330655,0.0
2,2,1.2699991982341428,3.6402441794120097,1.3128150599451256,-0.5953670904251764,0.0
3,0,1.2699991982341428,3.6402441794120097,1.3128150599451256,-0.8804141235563899,0.0
3,1,1.2699991982341428,3.6402441794120097,1.3128150599451256,-0.7269019211724883,0.0
3,2,1.2699991982341428,3.6402441794120097,1.3128150599451256,-0.583699193169352,0.0
4,0,1.2699991982341428,3.6402441794120097,1.3128150599451256,-0.8855035011362731,0.0
4,1,1.2699991982341428,3.6402441794120097,1.3128150599451256,-0.7375440562057194,0.0
4,2,1.2699991982341428,3.6402441794120097,1.3128150599451256,-0.5987128061600422,0.0
5,0,1.2699991982341428,3.6402441794120097,1.3128150599451256,-0.932338516643632,0.0
5,1,1.2699991982341428,3.6402441794120097,1.3128150599451256,-0.7864230872098755,0.0
5,2,1.2699991982341428,3.6402441794120097,1.3128150599451256,-0.64908935379937,0.0
6,0,1.2699991982341428,3.6402441794120097,1.3128150599451256,-1.0086390365841849,0.0
6,1,1.2699991982341428,3.6402441794120097,1.3128150599451256,-0.8626297615100122,0.0
6,2,1.2699991982341428,3.6402441794120097,1.3128150599451256,-0.7249722467477946,0.0
7,0,1.2699991982341428,3.6402441794120097,1.3128150599451256,-1.10238112797595,0.0
7,1,1.2699991982341428,3.6402441794120097,1.3128150599451256,-0.955000302706455,0.0
7,2,1.2699991982341428,3.6402441794120097,1.3128150599451256,-0.8159175397871461,0.0
8,0,1.2699991982341428,3.6402441794120097,1.3128150599451256,-1.2042690067798065,0.0
8,1,1.2699991982341428,3.6402441794120097,1.3128150599451256,-1.05480514773933,0.0
8,2,1.2699991982341428,3.6402441794120097,1.3128150599451256,-0.913684859609084,0.0
9,0,1.2699991982341428,3.6402441794120097,1.3128150599451256,-1.3078214610953587,0.0
9,1,1.2699991982341428,3.6402441794120097,1.3128150599451256,-1.1559302425723335,0.0
9,2,1.2699991982341428,3.6402441794120097,1.3128150599451256,-1.0124818726217293,0.0
0,0,1.774713579031038,4.165030166792046,0.9607674502144992,0.6931471805599441,0.0
0,1,1.774713579031038,4.165030166792046,0.9607674502144992,0.9899409166847176,0.0
0,2,1.774713579031038,4.165030166792046,0.9607674502144992,1.2001172477589008,0.0
1,0,1.774713579031038,4.165030166792046,0.9607674502144992,0.8343683266111421,0.0
1,1,1.774713579031038,4.165030166792046,0.9607674502144992,1.0351787847387675,0.0
1,2,1.774713579031038,4.165030166792046,0.9607674502144992,1.196719664808791,0.0
2,0,1.774713579031038,4.165030166792046,0.9607674502144992,0.22130644149722778,0.0
2,1,1.774713579031038,4.165030166792046,0.9607674502144992,0.37297428859293175,0.0
2,2,1.774713579031038,4.165030166792046,0.9607674502144992,0.506399589468582,0.0
3,0,1.774713579031038,4.165030166792046,0.9607674502144992,-0.0021799204240339903,0.0
3,1,1.774713579031038,4.165030166792046,0.9607674502144992,0.12877619254272987,0.0
3,2,1.774713579031038,4.165030166792046,0.9607674502144992,0.24922592858477483,0.0
4,0,1.774713579031038,4.165030166792046,0.9607674502144992,-0.08255107796610053,0.0
4,1,1.774713579031038,4.165030166792046,0.9607674502144992,0.04006021948510474,0.0
4,2,1.774713579031038,4.165030166792046,0.9607674502144992,0.15486167986520968,0.0
5,0,1.774713579031038,4.165030166792046,0.9607674502144992,-0.13318846420542754,0.0
5,1,1.774713579031038,4.165030166792046,0.9607674502144992,-0.013934677348891755,0.0
5,2,1.774713579031038,4.165030166792046,0.9607674502144992,0.0985172689443784,0.0
6,0,1.774713579031038,4.165030166792046,0.9607674502144992,-0.18531744795851524,0.0
6,1,1.774713579031038,4.165030166792046,0.9607674502144992,-0.06709704023987721,0.0
6,2,1.774713579031038,4.165030166792046,0.9607674502144992,0.04472257425489348,0.0
7,0,1.774713579031038,4.165030166792046,0.9607674502144992,-0.24453086224660942,0.0
7,1,1.774713579031038,4.165030166792046,0.9607674502144992,-0.12610141437315026,0.0
7,2,1.774713579031038,4.165030166792046,0.9607674502144992,-0.013920823808543425,0.0
8,0,1.774713579031038,4.165030166792046,0.9607674502144992,-0.309455287177265,0.0
8,1,1.774713579031038,4.165030166792046,0.9607674502144992,-0.1901089011632072,0.0
8,2,1.774713579031038,4.165030166792046,0.9607674502144992,-0.0769766402538546,0.0
9,0,1.774713579031038,4.165030166792046,0.9607674502144992,-0.37738085308716096,0.0
9,1,1.774713579031038,4.165030166792046,0.9607674502144992,-0.2567179740893228,0.0
9,2,1.774713579031038,4.165030166792046,0.9607674502144992,-0.14229507626989696,0.0
0,0,2.4800080913251747,4.701033403002048,0.7044149583545573,0.6931471805599441,0.0
0,1,2.4800080913251747,4.701033403002048,0.7044149583545573,0.9899409166847176,0.0
0,2,2.4800080913251747,4.701033403002048,0.7044149583545573,1.2001172477589008,0.0
1,0,2.4800080913251747,4.701033403002048,0.7044149583545573,0.9948720395350013,0.0
1,1,2.4800080913251747,4.701033403002048,0.7044149583545573,1.1691879522032063,0.0
1,2,2.4800080913251747,4.701033403002048,0.7044149583545573,1.314076834909178,0.0
2,0,2.4800080913251747,4.701033403002048,0.7044149583545573,0.6328104164697015,0.0
2,1,2.4800080913251747,4.701033403002048,0.7044149583545573,0.7750962252412246,0.0
2,2,2.4800080913251747,4.701033403002048,0.7044149583545573,0.9004620850215092,0.0
3,0,2.4800080913251747,4.701033403002048,0.7044149583545573,0.4173404595417958,0.0
3,1,2.4800080913251747,4.701033403002048,0.7044149583545573,0.5396954763350622,0.0
3,2,2.4800080913251747,4.701033403002048,0.7044149583545573,0.6513265729150741,0.0
4,0,2.4800080913251747,4.701033403002048,0.7044149583545573,0.3386657787379261,0.0
4,1,2.4800080913251747,4.701033403002048,0.7044149583545573,0.4495719455424929,0.0
4,2,2.4800080913251747,4.701033403002048,0.7044149583545573,0.5528758834614204,0.0
5,0,2.4800080913251747,4.701033403002048,0.7044149583545573,0.3199096394816605,0.0
5,1,2.4800080913251747,4.701033403002048,0.7044149583545573,0.42452292288469023,0.0
5,2,2.4800080913251747,4.701033403002048,0.7044149583545573,0.5230586690455199,0.0
6,0,2.4800080913251747,4.701033403002048,0.7044149583545573,0.32026774442455164,0.0
6,1,2.4800080913251747,4.701033403002048,0.7044149583545573,0.4214742719445466,0.0
6,2,2.4800080913251747,4.701033403002048,0.7044149583545573,0.5173409780302705,0.0
7,0,2.4800080913251747,4.701033403002048,0.7044149583545573,0.32232945144,0.0
7,1,2.4800080913251747,4.701033403002048,0.7044149583545573,0.4217509441031576,0.0
7,2,2.4800080913251747,4.701033403002048,0.7044149583545573,0.516189631148851,0.0
8,0,2.4800080913251747,4.701033403002048,0.7044149583545573,0.31993882129674894,0.0
8,1,2.4800080913251747,4.701033403002048,0.7044149583545573,0.4185221365449188,0.0
8,2,2.4800080913251747,4.701033403002048,0.7044149583545573,0.5122927354363194,0.0
9,0,2.4800080913251747,4.701033403002048,0.7044149583545573,0.3117804783229696,0.0
9,1,2.4800080913251747,4.701033403002048,0.7044149583545573,0.4101022040867418,0.0
9,2,2.4800080913251747,4.701033403002048,0.7044149583545573,0.5036862548760058,0.0
0,0,3.465595916833162,5.245706700022744,0.5181290463924864,0.6931471805599441,0.0
0,1,3.465595916833162,5.245706700022744,0.5181290463924864,0.9899409166847176,0.0
0,2,3.465595916833162,5.245706700022744,0.5181290463924864,1.2001172477589008,0.0
1,0,3.465595916833162,5.245706700022744,0.5181290463924864,0.9053814351662763,0.0
1,1,3.465595916833162,5.245706700022744,0.5181290463924864,1.0772288653724025,0.0
1,2,3.465595916833162,5.245706700022744,0.5181290463924864,1.2218449110966219,0.0
2,0,3.465595916833162,5.245706700022744,0.5181290463924864,0.7385400346484183,0.0
2,1,3.465595916833162,5.245706700022744,0.5181290463924864,0.8748141854812026,0.0
2,2,3.465595916833162,5.245706700022744,0.5181290463924864,0.9968159361607879,0.0
3,0,3.465595916833162,5.245706700022744,0.5181290463924864,0.5530881416196283,0.0
3,1,3.465595916833162,5.245706700022744,0.5181290463924864,0.6719674646220902,0.0
3,2,3.465595916833162,5.245706700022744,0.5181290463924864,0.7812101188980043,0.0
4,0,3.465595916833162,5.245706700022744,0.5181290463924864,0.5051143289447717,0.0
4,1,3.465595916833162,5.245706700022744,0.5181290463924864,0.6119496600782004,0.0
4,2,3.465595916833162,5.245706700022744,0.5181290463924864,0.7116752219452864,0.0
5,0,3.465595916833162,5.245706700022744,0.5181290463924864,0.5306713268685578,0.0
5,1,3.465595916833162,5.245706700022744,0.5181290463924864,0.6293224200652483,0.0
5,2,3.465595916833162,5.245706700022744,0.5181290463924864,0.7223155287204207,0.0
6,0,3.465595916833162,5.245706700022744,0.5181290463924864,0.582530460661204,0.0
6,1,3.465595916833162,5.245706700022744,0.5181290463924864,0.6757214606720578,0.0
6,2,3.465595916833162,5.245706700022744,0.5181290463924864,0.7640815009746502,0.0
7,0,3.465595916833162,5.245706700022744,0.5181290463924864,0.6388972882652934,0.0
7,1,3.465595916833162,5.245706700022744,0.5181290463924864,0.7284103444191713,0.0
7,2,3.465595916833162,5.245706700022744,0.5181290463924864,0.8135667002086726,0.0
8,0,3.465595916833162,5.245706700022744,0.5181290463924864,0.690891791997379,0.0
8,1,3.465595916833162,5.245706700022744,0.5181290463924864,0.7778797603537313,0.0
8,2,3.465595916833162,5.245706700022744,0.5181290463924864,0.8607884734319485,0.0
9,0,3.465595916833162,5.245706700022744,0.5181290463924864,0.735497053108985,0.0
9,1,3.465595916833162,5.245706700022744,0.5181290463924864,0.8207201669611115,0.0
9,2,3.465595916833162,5.245706700022744,0.5181290463924864,0.902030479197791,0.0
0,0,4.842869303846925,5.825907974482229,0.3755745883863556,0.6931471805599441,0.0
0,1,4.842869303846925,5.825907974482229,0.3755745883863556,0.9899409166847176,0.0
0,2,4.842869303846925,5.825907974482229,0.3755745883863556,1.2001172477589008,0.0
1,0,4.842869303846925,5.825907974482229,0.3755745883863556,1.0887160494754815,0.0
1,1,4.842869303846925,5.825907974482229,0.3755745883863556,1.2564159337551044,0.0
1,2,4.842869303846925,5.825907974482229,0.3755745883863556,1.3935036468437862,0.0
2,0,4.842869303846925,5.825907974482229,0.3755745883863556,1.1412747080606227,0.0
2,1,4.842869303846925,5.825907974482229,0.3755745883863556,1.2674895356432134,0.0
2,2,4.842869303846925,5.825907974482229,0.3755745883863556,1.3795869901777813,0.0
3,0,4.842869303846925,5.825907974482229,0.3755745883863556,1.053750825712362,0.0
3,1,4.842869303846925,5.825907974482229,0.3755745883863556,1.1626113114206202,0.0
3,2,4.842869303846925,5.825907974482229,0.3755745883863556,1.2625120121716544,0.0
4,0,4.842869303846925,5.825907974482229,0.3755745883863556,0.9689760830210689,0.0
4,1,4.842869303846925,5.825907974482229,0.3755745883863556,1.0672756885842853,0.0
4,2,4.842869303846925,5.825907974482229,0.3755745883863556,1.1588817115636871,0.0
5,0,4.842869303846925,5.825907974482229,0.3755745883863556,0.9679042951344942,0.0
5,1,4.842869303846925,5.825907974482229,0.3755745883863556,1.05760021652178,0.0
5,2,4.842869303846925,5.825907974482229,0.3755745883863556,1.1420187521788716,0.0
6,0,4.842869303846925,5.825907974482229,0.3755745883863556,1.0208268662645874,0.0
6,1,4.842869303846925,5.825907974482229,0.3755745883863556,1.1036734123596799,0.0
6,2,4.842869303846925,5.825907974482229,0.3755745883863556,1.1821814992710418,0.0
7,0,4.842869303846925,5.825907974482229,0.3755745883863556,1.094936271002465,0.0
7,1,4.842869303846925,5.825907974482229,0.3755745883863556,1.1725660697153932,0.0
7,2,4.842869303846925,5.825907974482229,0.3755745883863556,1.2464709437943986,0.0
8,0,4.842869303846925,5.825907974482229,0.3755745883863556,1.1721798002772263,0.0
8,1,4.842869303846925,5.825907974482229,0.3755745883863556,1.2458984308824235,0.0
8,2,4.842869303846925,5.825907974482229,0.3755745883863556,1.3162902489240844,0.0
9,0,4.842869303846925,5.825907974482229,0.3755745883863556,1.244352225750099,0.0
9,1,4.842869303846925,5.825907974482229,0.3755745883863556,1.3151353684308127,0.0
9,2,4.842869303846925,5.825907974482229,0.3755745883863556,1.3828515937753623,0.0
0,0,6.767489244843735,6.422424040875069,0.2713097525977029,0.6931471805599441,0.0
0,1,6.767489244843735,6.422424040875069,0.2713097525977029,0.9899409166847176,0.0
0,2,6.767489244843735,6.422424040875069,0.2713097525977029,1.2001172477589008,0.0
1,0,6.767489244843735,6.422424040875069,0.2713097525977029,1.128865384996629,0.0
1,1,6.767489244843735,6.422424040875069,0.2713097525977029,1.293791271183352,0.0
1,2,6.767489244843735,6.422424040875069,0.2713097525977029,1.4282118818055123,0.0
2,0,6.767489244843735,6.422424040875069,0.2713097525977029,1.286205209936519,0.0
2,1,6.767489244843735,6.422424040875069,0.2713097525977029,1.406928677308429,0.0
2,2,6.767489244843735,6.422424040875069,0.2713097525977029,1.5133903506338595,0.0
3,0,6.767489244843735,6.422424040875069,0.2713097525977029,1.312548426368457,0.0
3,1,6.767489244843735,6.422424040875069,0.2713097525977029,1.414360707253256,0.0
3,2,6.767489244843735,6.422424040875069,0.2713097525977029,1.5075456173248571,0.0
4,0,6.767489244843735,6.422424040875069,0.2713097525977029,1.2764534825961564,0.0
4,1,6.767489244843735,6.422424040875069,0.2713097525977029,1.3678646728117207,0.0
4,2,6.767489244843735,6.422424040875069,0.2713097525977029,1.4530548289132912,0.0
5,0,6.767489244843735,6.422424040875069,0.2713097525977029,1.261330646704653,0.0
5,1,6.767489244843735,6.422424040875069,0.2713097525977029,1.34496866178517,0.0
5,2,6.767489244843735,6.422424040875069,0.2713097525977029,1.423708751914168,0.0
6,0,6.767489244843735,6.422424040875069,0.2713097525977029,1.2982400277927983,0.0
6,1,6.767489244843735,6.422424040875069,0.2713097525977029,1.3751023371479714,0.0
6,2,6.767489244843735,6.422424040875069,0.2713097525977029,1.4479634002875037,0.0
7,0,6.767489244843735,6.422424040875069,0.2713097525977029,1.3710767379376085,0.0
7,1,6.767489244843735,6.422424040875069,0.2713097525977029,1.4421592509048047,0.0
7,2,6.767489244843735,6.422424040875069,0.2713097525977029,1.5098801814387077,0.0
8,0,6.767489244843735,6.422424040875069,0.2713097525977029,1.4583208284991631,0.0
8,1,6.767489244843735,6.422424040875069,0.2713097525977029,1.5246923979203646,0.0
8,2,6.767489244843735,6.422424040875069,0.2713097525977029,1.5881532822954338,0.0
9,0,6.767489244843735,6.422424040875069,0.2713097525977029,1.54625446593126,0.0
9,1,6.767489244843735,6.422424040875069,0.2713097525977029,1.6088794187866458,0.0
9,2,6.767489244843735,6.422424040875069,0.2713097525977029,1.668908188026915,0.0
0,0,9.45697845752215,7.019356325113856,0.1962447145105474,0.6931471805599441,0.0
0,1,9.45697845752215,7.019356325113856,0.1962447145105474,0.9899409166847176,0.0
0,2,9.45697845752215,7.019356325113856,0.1962447145105474,1.2001172477589008,0.0
1,0,9.45697845752215,7.019356325113856,0.1962447145105474,1.17286064291302,0.0
1,1,9.45697845752215,7.019356325113856,0.1962447145105474,1.3352526778998723,0.0
1,2,9.45697845752215,7.019356325113856,0.1962447145105474,1.4669304112677326,0.0
2,0,9.45697845752215,7.019356325113856,0.1962447145105474,1.3959395001749175,0.0
2,1,9.45697845752215,7.019356325113856,0.1962447145105474,1.5109355277346546,0.0
2,2,9.45697845752215,7.019356325113856,0.1962447145105474,1.6118458650309253,5.5e-15
3,0,9.45697845752215,7.019356325113856,0.1962447145105474,1.5069158584618711,0.0
3,1,9.45697845752215,7.019356325113856,0.1962447145105474,1.6015328719841426,0.0
3,2,9.45697845752215,7.019356325113856,0.1962447145105474,1.6878409241435253,6.598e-13
4,0,9.45697845752215,7.019356325113856,0.1962447145105474,1.555128936543476,0.0
4,1,9.45697845752215,7.019356325113856,0.1962447145105474,1.6387474852254005,0.0
4,2,9.45697845752215,7.019356325113856,0.1962447145105474,1.716536992945199,4.3436e-12
5,0,9.45697845752215,7.019356325113856,0.1962447145105474,1.5718196130488171,0.0
5,1,9.45697845752215,7.019356325113856,0.1962447145105474,1.648194159634619,0.0
5,2,9.45697845752215,7.019356325113856,0.1962447145105474,1.7200464080758302,2.83967e-11
6,0,9.45697845752215,7.019356325113856,0.1962447145105474,1.5997890210746966,0.0
6,1,9.45697845752215,7.019356325113856,0.1962447145105474,1.6703268350371752,0.0
6,2,9.45697845752215,7.019356325113856,0.1962447145105474,1.737155305908361,7.338680000000002e-11
7,0,9.45697845752215,7.019356325113856,0.1962447145105474,1.6560067800237293,0.0
7,1,9.45697845752215,7.019356325113856,0.1962447145105474,1.7212138395217695,0.0
7,2,9.45697845752215,7.019356325113856,0.1962447145105474,1.7833106069645992,1.031467e-10
8,0,9.45697845752215,7.019356325113856,0.1962447145105474,1.7333095626276391,0.0
8,1,9.45697845752215,7.019356325113856,0.1962447145105474,1.7937205854617573,0.0
8,2,9.45697845752215,7.019356325113856,0.1962447145105474,1.8514846700710659,1.170081e-10
9,0,9.45697845752215,7.019356325113856,0.1962447145105474,1.8187915696394659,0.0
9,1,9.45697845752215,7.019356325113856,0.1962447145105474,1.8751111882517837,0.0
9,2,9.45697845752215,7.019356325113856,0.1962447145105474,1.9291338634128896,1.249783e-10
0,0,13.215306047834442,7.660084510621875,0.1386898369896371,0.6931471805599441,0.0
0,1,13.215306047834442,7.660084510621875,0.1386898369896371,0.9899409166847176,0.0
0,2,13.215306047834442,7.660084510621875,0.1386898369896371,1.2001172477589008,0.0
1,0,13.215306047834442,7.660084510621875,0.1386898369896371,1.1898063444851372,0.0
1,1,13.215306047834442,7.660084510621875,0.1386898369896371,1.3507539714268004,0.0
1,2,13.215306047834442,7.660084510621875,0.1386898369896371,1.4811250680844128,0.0
2,0,13.215306047834442,7.660084510621875,0.1386898369896371,1.4478771829496369,0.0
2,1,13.215306047834442,7.660084510621875,0.1386898369896371,1.5600438182472456,0.0
2,2,13.215306047834442,7.660084510621875,0.1386898369896371,1.6582298834933817,3.8117751e-09
3,0,13.215306047834442,7.660084510621875,0.1386898369896371,1.6007508819325948,0.0
3,1,13.215306047834442,7.660084510621875,0.1386898369896371,1.6911171143814276,0.0
3,2,13.215306047834442,7.660084510621875,0.1386898369896371,1.7734114974876019,3.2023929973000004e-06
4,0,13.215306047834442,7.660084510621875,0.1386898369896371,1.7000371175070377,0.0
4,1,13.215306047834442,7.660084510621875,0.1386898369896371,1.778499053758324,0.0
4,2,13.215306047834442,7.660084510621875,0.1386898369896371,1.851431946240099,6.81453689009e-05
5,0,13.215306047834442,7.660084510621875,0.1386898369896371,1.763960699317256,0.0
5,1,13.215306047834442,7.660084510621875,0.1386898369896371,1.8348090963624792,0.0
5,2,13.215306047834442,7.660084510621875,0.1386898369896371,1.9014422584013868,0.0009273757672995
6,0,13.215306047834442,7.660084510621875,0.1386898369896371,1.809611839198884,0.0
6,1,13.215306047834442,7.660084510621875,0.1386898369896371,1.8748512684707341,0.0
6,2,13.215306047834442,7.660084510621875,0.1386898369896371,1.9366718678293724,0.0047607620381847
7,0,13.215306047834442,7.660084510621875,0.1386898369896371,1.858811903615335,0.0
7,1,13.215306047834442,7.660084510621875,0.1386898369896371,1.9192627568038725,0.0
7,2,13.215306047834442,7.660084510621875,0.1386898369896371,1.9768515675718477,0.0120164804509041
8,0,13.215306047834442,7.660084510621875,0.1386898369896371,1.9229048368046506,0.0
8,1,13.215306047834442,7.660084510621875,0.1386898369896371,1.9789006945518761,0.0
8,2,13.215306047834442,7.660084510621875,0.1386898369896371,2.032472752739375,0.020470358767908696
9,0,13.215306047834442,7.660084510621875,0.1386898369896371,1.9994676336890755,0.0
9,1,13.215306047834442,7.660084510621875,0.1386898369896371,2.051377038046429,0.0
9,2,13.215306047834442,7.660084510621875,0.1386898369896371,2.101217002955843,0.027669976265245495
0,0,18.4672424413758,8.282811936969145,0.0986838579149879,0.6931471805599441,0.0
0,1,18.4672424413758,8.282811936969145,0.0986838579149879,0.9899409166847176,0.0
0,2,18.4672424413758,8.282811936969145,0.0986838579149879,1.2001172477589008,0.0
1,0,18.4672424413758,8.282811936969145,0.0986838579149879,1.1981221465230216,0.0
1,1,18.4672424413758,8.282811936969145,0.0986838579149879,1.3584706207768265,0.0
1,2,18.4672424413758,8.282811936969145,0.0986838579149879,1.4882847315670427,0.0
2,0,18.4672424413758,8.282811936969145,0.0986838579149879,1.4752701984742853,0.0
2,1,18.4672424413758,8.282811936969145,0.0986838579149879,1.585791133845398,0.0
2,2,18.4672424413758,8.282811936969145,0.0986838579149879,1.6824304884760841,5.2565e-12
3,0,18.4672424413758,8.282811936969145,0.0986838579149879,1.6553199330220616,0.0
3,1,18.4672424413758,8.282811936969145,0.0986838579149879,1.7429821857610406,0.0
3,2,18.4672424413758,8.282811936969145,0.0986838579149879,1.8227305160347216,8.208533500000001e-08
4,0,18.4672424413758,8.282811936969145,0.0986838579149879,1.7833141890351087,0.0
4,1,18.4672424413758,8.282811936969145,0.0986838579149879,1.8582854289847985,0.0
4,2,18.4672424413758,8.282811936969145,0.0986838579149879,1.927941705855214,8.7141591307e-06
5,0,18.4672424413758,8.282811936969145,0.0986838579149879,1.879534479538694,0.0
5,1,18.4672424413758,8.282811936969145,0.0986838579149879,1.9463429354981596,0.0
5,2,18.4672424413758,8.282811936969145,0.0986838579149879,2.0091761844682208,0.0004967813749006
6,0,18.4672424413758,8.282811936969145,0.0986838579149879,1.9538778037401745,0.0
6,1,18.4672424413758,8.282811936969145,0.0986838579149879,2.014853498743841,0.0
6,2,18.4672424413758,8.282811936969145,0.0986838579149879,2.0726480356985557,0.0055498492555085994
7,0,18.4672424413758,8.282811936969145,0.0986838579149879,2.0159727814221053,0.0
7,1,18.4672424413758,8.282811936969145,0.0986838579149879,2.0723572411178868,0.0
7,2,18.4672424413758,8.282811936969145,0.0986838579149879,2.1260917854124086,0.0241759699985907
8,0,18.4672424413758,8.282811936969145,0.0986838579149879,2.0777662122238603,0.0
8,1,18.4672424413758,8.282811936969145,0.0986838579149879,2.1301395429767016,0.0
8,2,18.4672424413758,8.282811936969145,0.0986838579149879,2.1802613764575414,0.0614972417792224
9,0,18.4672424413758,8.282811936969145,0.0986838579149879,2.146961359965034,0.0
9,1,18.4672424413758,8.282811936969145,0.0986838579149879,2.1955782829720616,0.0
9,2,18.4672424413758,8.282811936969145,0.0986838579149879,2.242271791383135,0.10881696680040391
0,0,25.806367416245845,8.928047864970182,0.0689293868322581,0.6931471805599441,0.0
0,1,25.806367416245845,8.928047864970182,0.0689293868322581,0.9899409166847176,0.0
0,2,25.806367416245845,8.928047864970182,0.0689293868322581,1.2001172477589008,0.0
1,0,25.806367416245845,8.928047864970182,0.0689293868322581,1.2001061080786588,0.0
1,1,25.806367416245845,8.928047864970182,0.0689293868322581,1.3603474306167949,0.0
1,2,25.806367416245845,8.928047864970182,0.0689293868322581,1.490063252308261,0.0
2,0,25.806367416245845,8.928047864970182,0.0689293868322581,1.4862592493718694,0.0
2,1,25.806367416245845,8.928047864970182,0.0689293868322581,1.5962299535854745,0.0
2,2,25.806367416245845,8.928047864970182,0.0689293868322581,1.6923212865282165,2e-16
3,0,25.806367416245845,8.928047864970182,0.0689293868322581,1.6814348461060633,0.0
3,1,25.806367416245845,8.928047864970182,0.0689293868322581,1.7678185141773406,0.0
3,2,25.806367416245845,8.928047864970182,0.0689293868322581,1.8463505342250528,1.6455140000000002e-10
4,0,25.806367416245845,8.928047864970182,0.0689293868322581,1.8276064309732942,0.0
4,1,25.806367416245845,8.928047864970182,0.0689293868322581,1.900620973727941,0.0
4,2,25.806367416245845,8.928047864970182,0.0689293868322581,1.968436136531909,1.065155524e-07
5,0,25.806367416245845,8.928047864970182,0.0689293868322581,1.9430876504671641,0.0
5,1,25.806367416245845,8.928047864970182,0.0689293868322581,2.0074392985260947,0.0
5,2,25.806367416245845,8.928047864970182,0.0689293868322581,2.0679614007824894,4.34741578839e-05
6,0,25.806367416245845,8.928047864970182,0.0689293868322581,2.037161531559722,0.0
6,1,25.806367416245845,8.928047864970182,0.0689293868322581,2.095330570704838,0.0
6,2,25.806367416245845,8.928047864970182,0.0689293868322581,2.150479855977636,0.0011670127485471
7,0,25.806367416245845,8.928047864970182,0.0689293868322581,2.1158840942243766,0.0
7,1,25.806367416245845,8.928047864970182,0.0689293868322581,2.1693222809181365,0.0
7,2,25.806367416245845,8.928047864970182,0.0689293868322581,2.2202710222851714,0.009214490647207899
8,0,25.806367416245845,8.928047864970182,0.0689293868322581,2.1856462600968123,0.0
8,1,25.806367416245845,8.928047864970182,0.0689293868322581,2.2351973134175633,0.0
8,2,25.806367416245845,8.928047864970182,0.0689293868322581,2.282639745169412,0.0363459867211148
9,0,25.806367416245845,8.928047864970182,0.0689293868322581,2.2546929335749564,0.0
9,1,25.806367416245845,8.928047864970182,0.0689293868322581,2.300737244671054,0.0
9,2,25.806367416245845,8.928047864970182,0.0689293868322581,2.3449775508643738,0.0898652326594869
0,0,36.06215715943463,9.54007339136711,0.0487914647012475,0.6931471805599441,0.0
0,1,36.06215715943463,9.54007339136711,0.0487914647012475,0.9899409166847176,0.0
0,2,36.06215715943463,9.54007339136711,0.0487914647012475,1.2001172477589008,0.0
1,0,36.06215715943463,9.54007339136711,0.0487914647012475,1.2001991158265033,0.0
1,1,36.06215715943463,9.54007339136711,0.0487914647012475,1.3604640819805756,0.0
1,2,36.06215715943463,9.54007339136711,0.0487914647012475,1.4902003494376386,0.0
2,0,36.06215715943463,9.54007339136711,0.0487914647012475,1.4891619564794771,0.0
2,1,36.06215715943463,9.54007339136711,0.0487914647012475,1.5990437421818013,0.0
2,2,36.06215715943463,9.54007339136711,0.0487914647012475,1.6950297515713022,0.0
3,0,36.06215715943463,9.54007339136711,0.0487914647012475,1.6911828274429528,0.0
3,1,36.06215715943463,9.54007339136711,0.0487914647012475,1.7771585470919788,0.0
3,2,36.06215715943463,9.54007339136711,0.0487914647012475,1.8552852535918616,3.02e-14
4,0,36.06215715943463,9.54007339136711,0.0487914647012475,1.8474131175782533,0.0
4,1,36.06215715943463,9.54007339136711,0.0487914647012475,1.9195984607485008,0.0
4,2,36.06215715943463,9.54007339136711,0.0487914647012475,1.9866210315514374,2.546655e-10
5,0,36.06215715943463,9.54007339136711,0.0487914647012475,1.97462655599072,0.0
5,1,36.06215715943463,9.54007339136711,0.0487914647012475,2.0377398658672674,0.0
5,2,36.06215715943463,9.54007339136711,0.0487914647012475,2.0970923690596033,1.7084513881e-06
6,0,36.06215715943463,9.54007339136711,0.0487914647012475,2.0813676360641313,0.0
6,1,36.06215715943463,9.54007339136711,0.0487914647012475,2.1379648493572643,0.0
6,2,36.06215715943463,9.54007339136711,0.0487914647012475,2.19163063431993,0.0001625161895852
7,0,36.06215715943463,9.54007339136711,0.0487914647012475,2.1727317421968326,0.0
7,1,36.06215715943463,9.54007339136711,0.0487914647012475,2.2243534842786135,0.0
7,2,36.06215715943463,9.54007339136711,0.0487914647012475,2.2735845675812274,0.0022979385914171997
8,0,36.06215715943463,9.54007339136711,0.0487914647012475,2.2527243584017675,0.0
8,1,36.06215715943463,9.54007339136711,0.0487914647012475,2.30036155214289,0.0
8,2,36.06215715943463,9.54007339136711,0.0487914647012475,2.3459881138698986,0.0139715260929125
9,0,36.06215715943463,9.54007339136711,0.0487914647012475,2.3264183166418926,0.0
9,1,36.06215715943463,9.54007339136711,0.0487914647012475,2.3706626475207466,0.0
9,2,36.06215715943463,9.54007339136711,0.0487914647012475,2.4131851539137665,0.0498369123603786
0,0,50.3937326015545,10.177382373422269,0.0337556096576338,0.6931471805599441,0.0
0,1,50.3937326015545,10.177382373422269,0.0337556096576338,0.9899409166847176,0.0
0,2,50.3937326015545,10.177382373422269,0.0337556096576338,1.2001172477589008,0.0
1,0,50.3937326015545,10.177382373422269,0.0337556096576338,1.2001330618907389,0.0
1,1,50.3937326015545,10.177382373422269,0.0337556096576338,1.3604142512957602,0.0
1,2,50.3937326015545,10.177382373422269,0.0337556096576338,1.490164569190616,0.0
2,0,50.3937326015545,10.177382373422269,0.0337556096576338,1.4897857830841448,0.0
2,1,50.3937326015545,10.177382373422269,0.0337556096576338,1.59964159628592,0.0
2,2,50.3937326015545,10.177382373422269,0.0337556096576338,1.6956021818062488,0.0
3,0,50.3937326015545,10.177382373422269,0.0337556096576338,1.694129230019509,0.0
3,1,50.3937326015545,10.177382373422269,0.0337556096576338,1.7799946125727173,0.0
3,2,50.3937326015545,10.177382373422269,0.0337556096576338,1.8580089034635694,0.0
4,0,50.3937326015545,10.177382373422269,0.0337556096576338,1.8548564487808452,0.0
4,1,50.3937326015545,10.177382373422269,0.0337556096576338,1.9267586067351055,0.0
4,2,50.3937326015545,10.177382373422269,0.0337556096576338,1.9935047345479784,5.96e-14
5,0,50.3937326015545,10.177382373422269,0.0337556096576338,1.988387661320559,0.0
5,1,50.3937326015545,10.177382373422269,0.0337556096576338,2.05099108581128,0.0
5,2,50.3937326015545,10.177382373422269,0.0337556096576338,2.109855867857823,2.4089775499999996e-08
6,0,50.3937326015545,10.177382373422269,0.0337556096576338,2.102665641114813,0.0
6,1,50.3937326015545,10.177382373422269,0.0337556096576338,2.1585186407815695,0.0
6,2,50.3937326015545,10.177382373422269,0.0337556096576338,2.2114775320176157,1.6142957140600002e-05
7,0,50.3937326015545,10.177382373422269,0.0337556096576338,2.202216212866995,0.0
7,1,50.3937326015545,10.177382373422269,0.0337556096576338,2.2528824048745513,0.0
7,2,50.3937326015545,10.177382373422269,0.0337556096576338,2.3012068892281885,0.0005108736844194001
8,0,50.3937326015545,10.177382373422269,0.0337556096576338,2.290021140369567,0.0
8,1,50.3937326015545,10.177382373422269,0.0337556096576338,2.3365456705833,0.0
8,2,50.3937326015545,10.177382373422269,0.0337556096576338,2.381115241467685,0.0046494852772876
9,0,50.3937326015545,10.177382373422269,0.0337556096576338,2.369075143433451,0.0
9,1,50.3937326015545,10.177382373422269,0.0337556096576338,2.4121730781094466,0.0
9,2,50.3937326015545,10.177382373422269,0.0337556096576338,2.453602302086668,0.0231949362771929
0,0,70.42086457250619,10.789314367406822,0.0234266324206169,0.6931471805599441,0.0
0,1,70.42086457250619,10.789314367406822,0.0234266324206169,0.9899409166847176,0.0
0,2,70.42086457250619,10.789314367406822,0.0234266324206169,1.2001172477589008,0.0
1,0,70.42086457250619,10.789314367406822,0.0234266324206169,1.2001183868336989,0.0
1,1,70.42086457250619,10.789314367406822,0.0234266324206169,1.360402646823859,0.0
1,2,70.42086457250619,10.789314367406822,0.0234266324206169,1.4901556107566316,0.0
2,0,70.42086457250619,10.789314367406822,0.0234266324206169,1.4900261197764029,0.0
2,1,70.42086457250619,10.789314367406822,0.0234266324206169,1.5998476429321231,0.0
2,2,70.42086457250619,10.789314367406822,0.0234266324206169,1.6957830775590765,0.0
3,0,70.42086457250619,10.789314367406822,0.0234266324206169,1.6950552907650456,0.0
3,1,70.42086457250619,10.789314367406822,0.0234266324206169,1.7808664290615983,0.0
3,2,70.42086457250619,10.789314367406822,0.0234266324206169,1.8588320139824048,0.0
4,0,70.42086457250619,10.789314367406822,0.0234266324206169,1.8574339722478812,0.0
4,1,70.42086457250619,10.789314367406822,0.0234266324206169,1.9292299725685242,0.0
4,2,70.42086457250619,10.789314367406822,0.0234266324206169,1.9958745972319958,0.0
5,0,70.42086457250619,10.789314367406822,0.0234266324206169,1.9936443917172495,0.0
5,1,70.42086457250619,10.789314367406822,0.0234266324206169,2.056054077477775,0.0
5,2,70.42086457250619,10.789314367406822,0.0234266324206169,2.1147334392772086,8.2741e-11
6,0,70.42086457250619,10.789314367406822,0.0234266324206169,2.1115783563835837,0.0
6,1,70.42086457250619,10.789314367406822,0.0234266324206169,2.1671250767994668,0.0
6,2,70.42086457250619,10.789314367406822,0.0234266324206169,2.2197919868931564,9.966000213e-07
7,0,70.42086457250619,10.789314367406822,0.0234266324206169,2.215618147099805,0.0
7,1,70.42086457250619,10.789314367406822,0.0234266324206169,2.2658541624903332,0.0
7,2,70.42086457250619,10.789314367406822,0.0234266324206169,2.3137691844155674,0.0001164983830886
8,0,70.42086457250619,10.789314367406822,0.0234266324206169,2.3083956598698014,0.0
8,1,70.42086457250619,10.789314367406822,0.0234266324206169,2.3543690382691342,0.0
8,2,70.42086457250619,10.789314367406822,0.0234266324206169,2.3984139615293962,0.0017404621319664002
9,0,70.42086457250619,10.789314367406822,0.0234266324206169,2.3922788949380953,0.0
9,1,70.42086457250619,10.789314367406822,0.0234266324206169,2.4347257663809034,0.0
9,2,70.42086457250619,10.789314367406822,0.0234266324206169,2.4755346926825075,0.010808674767522399
0,0,98.40704212861336,11.381306801496075,0.0162712545459293,0.6931471805599441,0.0
0,1,98.40704212861336,11.381306801496075,0.0162712545459293,0.9899409166847176,0.0
0,2,98.40704212861336,11.381306801496075,0.0162712545459293,1.2001172477589008,0.0
1,0,98.40704212861336,11.381306801496075,0.0162712545459293,1.2001172751383242,0.0
1,1,98.40704212861336,11.381306801496075,0.0162712545459293,1.3604017638989503,0.0
1,2,98.40704212861336,11.381306801496075,0.0162712545459293,1.4901549246473695,0.0
2,0,98.40704212861336,11.381306801496075,0.0162712545459293,1.490128020292445,0.0
2,1,98.40704212861336,11.381306801496075,0.0162712545459293,1.5999301236837606,0.0
2,2,98.40704212861336,11.381306801496075,0.0162712545459293,1.6958517687044328,0.0
3,0,98.40704212861336,11.381306801496075,0.0162712545459293,1.695492307950823,0.0
3,1,98.40704212861336,11.381306801496075,0.0162712545459293,1.7812610630635535,0.0
3,2,98.40704212861336,11.381306801496075,0.0162712545459293,1.8591918725643242,0.0
4,0,98.40704212861336,11.381306801496075,0.0162712545459293,1.8584742730427508,0.0
4,1,98.40704212861336,11.381306801496075,0.0162712545459293,1.93020821547109,0.0
4,2,98.40704212861336,11.381306801496075,0.0162712545459293,1.996797591763407,0.0
5,0,98.40704212861336,11.381306801496075,0.0162712545459293,1.9957013971997815,0.0
5,1,98.40704212861336,11.381306801496075,0.0162712545459293,2.058020663933357,0.0
5,2,98.40704212861336,11.381306801496075,0.0162712545459293,2.116616147878282,3.3e-14
6,0,98.40704212861336,11.381306801496075,0.0162712545459293,2.1151341825612584,0.0
6,1,98.40704212861336,11.381306801496075,0.0162712545459293,2.1705486023676803,0.0
6,2,98.40704212861336,11.381306801496075,0.0162712545459293,2.22309093601893,2.18889929e-08
7,0,98.40704212861336,11.381306801496075,0.0162712545459293,2.221183679130055,0.0
7,1,98.40704212861336,11.381306801496075,0.0162712545459293,2.2712345377346366,0.0
7,2,98.40704212861336,11.381306801496075,0.0162712545459293,2.318974117405431,2.0478947268100002e-05
8,0,98.40704212861336,11.381306801496075,0.0162712545459293,2.3165124159027974,0.0
8,1,98.40704212861336,11.381306801496075,0.0162712545459293,2.3622378854849337,0.0
8,2,98.40704212861336,11.381306801496075,0.0162712545459293,2.406047166729464,0.0006931628468797
9,0,98.40704212861336,11.381306801496075,0.0162712545459293,2.4031728596658284,0.0
9,1,98.40704212861336,11.381306801496075,0.0162712545459293,2.4453099960955726,0.0
9,2,98.40704212861336,11.381306801496075,0.0162712545459293,2.4858239054356215,0.0056730314627873
0,0,137.51529464015564,11.90461515614896,0.0117250468101474,0.6931471805599441,0.0
0,1,137.51529464015564,11.90461515614896,0.0117250468101474,0.9899409166847176,0.0
0,2,137.51529464015564,11.90461515614896,0.0117250468101474,1.2001172477589008,0.0
1,0,137.51529464015564,11.90461515614896,0.0117250468101474,1.2001172479077935,0.0
1,1,137.51529464015564,11.90461515614896,0.0117250468101474,1.3604017422662347,0.0
1,2,137.51529464015564,11.90461515614896,0.0117250468101474,1.4901549078294685,0.0
2,0,137.51529464015564,11.90461515614896,0.0117250468101474,1.490152088254099,0.0
2,1,137.51529464015564,11.90461515614896,0.0117250468101474,1.599949198002722,0.0
2,2,137.51529464015564,11.90461515614896,0.0117250468101474,1.6958673440065462,0.0
3,0,137.51529464015564,11.90461515614896,0.0117250468101474,1.6957423127498021,0.0
3,1,137.51529464015564,11.90461515614896,0.0117250468101474,1.7814838594457472,0.0
3,2,137.51529464015564,11.90461515614896,0.0117250468101474,1.859392637815746,0.0
4,0,137.51529464015564,11.90461515614896,0.0117250468101474,1.8590438286870854,0.0
4,1,137.51529464015564,11.90461515614896,0.0117250468101474,1.9307336179861578,0.0
4,2,137.51529464015564,11.90461515614896,0.0117250468101474,1.9972851344076301,0.0
5,0,137.51529464015564,11.90461515614896,0.0117250468101474,1.9967288703002586,0.0
5,1,137.51529464015564,11.90461515614896,0.0117250468101474,2.058989281810683,0.0
5,2,137.51529464015564,11.90461515614896,0.0117250468101474,2.1175322019581566,0.0
6,0,137.51529464015564,11.90461515614896,0.0117250468101474,2.1167747703788047,0.0
6,1,137.51529464015564,11.90461515614896,0.0117250468101474,2.17211485066744,0.0
6,2,137.51529464015564,11.90461515614896,0.0117250468101474,2.2245890274086575,1.0904240000000001e-10
7,0,137.51529464015564,11.90461515614896,0.0117250468101474,2.2236389819803746,0.0
7,1,137.51529464015564,11.90461515614896,0.0117250468101474,2.2735963810250186,0.0
7,2,137.51529464015564,11.90461515614896,0.0117250468101474,2.3212488779164766,2.1633852675e-06
8,0,137.51529464015564,11.90461515614896,0.0117250468101474,2.320090671835158,0.0
8,1,137.51529464015564,11.90461515614896,0.0117250468101474,2.3656962830206876,0.0
8,2,137.51529464015564,11.90461515614896,0.0117250468101474,2.4093928126504185,0.00024808765477470003
9,0,137.51529464015564,11.90461515614896,0.0117250468101474,2.4079182108283526,0.0
9,1,137.51529464015564,11.90461515614896,0.0117250468101474,2.4499133991096627,0.0
9,2,137.51529464015564,11.90461515614896,0.0117250468101474,2.4902927804831045,0.0033007858717378
0,0,192.1656809403309,12.28405175294498,0.0093518458221566,0.6931471805599441,0.0
0,1,192.1656809403309,12.28405175294498,0.0093518458221566,0.9899409166847176,0.0
0,2,192.1656809403309,12.28405175294498,0.0093518458221566,1.2001172477589008,0.0
1,0,192.1656809403309,12.28405175294498,0.0093518458221566,1.2001172477590025,0.0
1,1,192.1656809403309,12.28405175294498,0.0093518458221566,1.3604017421480301,0.0
1,2,192.1656809403309,12.28405175294498,0.0093518458221566,1.4901549077375718,0.0
2,0,192.1656809403309,12.28405175294498,0.0093518458221566,1.4901547861341544,0.0
2,1,192.1656809403309,12.28405175294498,0.0093518458221566,1.5999513098250575,0.0
2,2,192.1656809403309,12.28405175294498,0.0093518458221566,1.695869049054139,0.0
3,0,192.1656809403309,12.28405175294498,0.0093518458221566,1.6958441349863702,0.0
3,1,192.1656809403309,12.28405175294498,0.0093518458221566,1.7815745495691448,0.0
3,2,192.1656809403309,12.28405175294498,0.0093518458221566,1.859474314587947,0.0
4,0,192.1656809403309,12.28405175294498,0.0093518458221566,1.8593450478403941,0.0
4,1,192.1656809403309,12.28405175294498,0.0093518458221566,1.931009970350436,0.0
4,2,192.1656809403309,12.28405175294498,0.0093518458221566,1.997540327127472,0.0
5,0,192.1656809403309,12.28405175294498,0.0093518458221566,1.9972930819344903,0.0
5,1,192.1656809403309,12.28405175294498,0.0093518458221566,2.0595166042832913,0.0
5,2,192.1656809403309,12.28405175294498,0.0093518458221566,2.118027098113505,0.0
6,0,192.1656809403309,12.28405175294498,0.0093518458221566,2.1176674303008065,0.0
6,1,192.1656809403309,12.28405175294498,0.0093518458221566,2.172959973058418,0.0
6,2,192.1656809403309,12.28405175294498,0.0093518458221566,2.2253913640625083,6.39e-14
7,0,192.1656809403309,12.28405175294498,0.0093518458221566,2.2249232895464486,0.0
7,1,192.1656809403309,12.28405175294498,0.0093518458221566,2.27482327051146,0.0
7,2,192.1656809403309,12.28405175294498,0.0093518458221566,2.3224231893843914,8.24181911e-08
8,0,192.1656809403309,12.28405175294498,0.0093518458221566,2.32185625690098,0.0
8,1,192.1656809403309,12.28405175294498,0.0093518458221566,2.3673937410844084,0.0
8,2,192.1656809403309,12.28405175294498,0.0093518458221566,2.411027093285176,7.525834211529999e-05
9,0,192.1656809403309,12.28405175294498,0.0093518458221566,2.410246329540069,0.0
9,1,192.1656809403309,12.28405175294498,0.0093518458221566,2.452162009898296,0.0
9,2,192.1656809403309,12.28405175294498,0.0093518458221566,2.4924669784046314,0.0018900072950945998
0,0,268.5348493626968,12.51230541934757,0.0083262570793512,0.6931471805599441,0.0
0,1,268.5348493626968,12.51230541934757,0.0083262570793512,0.9899409166847176,0.0
0,2,268.5348493626968,12.51230541934757,0.0083262570793512,1.2001172477589008,0.0
1,0,268.5348493626968,12.51230541934757,0.0083262570793512,1.2001172477589008,0.0
1,1,268.5348493626968,12.51230541934757,0.0083262570793512,1.360401742147949,0.0
1,2,268.5348493626968,12.51230541934757,0.0083262570793512,1.4901549077375087,0.0
2,0,268.5348493626968,12.51230541934757,0.0083262570793512,1.49015490620073,0.0
2,1,268.5348493626968,12.51230541934757,0.0083262570793512,1.599951403227735,0.0
2,2,268.5348493626968,12.51230541934757,0.0083262570793512,1.6958691240377752,0.0
3,0,268.5348493626968,12.51230541934757,0.0083262570793512,1.6958667644510033,0.0
3,1,268.5348493626968,12.51230541934757,0.0083262570793512,1.7815946910142273,0.0
3,2,268.5348493626968,12.51230541934757,0.0083262570793512,1.859492445002501,0.0
4,0,268.5348493626968,12.51230541934757,0.0083262570793512,1.8594615339063,0.0
4,1,268.5348493626968,12.51230541934757,0.0083262570793512,1.9311168097811404,0.0
4,2,268.5348493626968,12.51230541934757,0.0083262570793512,1.9976389626000142,0.0
5,0,268.5348493626968,12.51230541934757,0.0083262570793512,1.997553442747773,0.0
5,1,268.5348493626968,12.51230541934757,0.0083262570793512,2.0597593651446493,0.0
5,2,268.5348493626968,12.51230541934757,0.0083262570793512,2.118254447311763,0.0
6,0,268.5348493626968,12.51230541934757,0.0083262570793512,2.1181125156886695,0.0
6,1,268.5348493626968,12.51230541934757,0.0083262570793512,2.1733797883257706,0.0
6,2,268.5348493626968,12.51230541934757,0.0083262570793512,2.225788585600796,0.0
7,0,268.5348493626968,12.51230541934757,0.0083262570793512,2.2255901969614325,0.0
7,1,268.5348493626968,12.51230541934757,0.0083262570793512,2.275457714132649,0.0
7,2,268.5348493626968,12.51230541934757,0.0083262570793512,2.3230281483126953,8.162161e-10
8,0,268.5348493626968,12.51230541934757,0.0083262570793512,2.322767656947119,0.0
8,1,268.5348493626968,12.51230541934757,0.0083262570793512,2.3682664555460198,0.0
8,2,268.5348493626968,12.51230541934757,0.0083262570793512,2.4118642393046,1.6709401828400004e-05
9,0,268.5348493626968,12.51230541934757,0.0083262570793512,2.4114503275382555,0.0
9,1,268.5348493626968,12.51230541934757,0.0083262570793512,2.4533206320765335,0.0
9,2,268.5348493626968,12.51230541934757,0.0083262570793512,2.493583483818167,0.0009629946735765001
0,0,375.2541295062848,12.639930667800687,0.0079158474925917,0.6931471805599441,0.0
0,1,375.2541295062848,12.639930667800687,0.0079158474925917,0.9899409166847176,0.0
0,2,375.2541295062848,12.639930667800687,0.0079158474925917,1.2001172477589008,0.0
1,0,375.2541295062848,12.639930667800687,0.0079158474925917,1.2001172477589008,0.0
1,1,375.2541295062848,12.639930667800687,0.0079158474925917,1.3604017421479493,0.0
1,2,375.2541295062848,12.639930667800687,0.0079158474925917,1.4901549077375087,0.0
2,0,375.2541295062848,12.639930667800687,0.0079158474925917,1.49015490773406,0.0
2,1,375.2541295062848,12.639930667800687,0.0079158474925917,1.599951404418357,0.0
2,2,375.2541295062848,12.639930667800687,0.0079158474925917,1.695869124991989,0.0
3,0,375.2541295062848,12.639930667800687,0.0079158474925917,1.6958690426385892,0.0
3,1,375.2541295062848,12.639930667800687,0.0079158474925917,1.7815967160661388,0.0
3,2,375.2541295062848,12.639930667800687,0.0079158474925917,1.8594942659780989,0.0
4,0,375.2541295062848,12.639930667800687,0.0079158474925917,1.859490306711008,0.0
4,1,375.2541295062848,12.639930667800687,0.0079158474925917,1.9311432003403322,0.0
4,2,375.2541295062848,12.639930667800687,0.0079158474925917,1.9976633280585754,0.0
5,0,375.2541295062848,12.639930667800687,0.0079158474925917,1.9976430337079036,0.0
5,1,375.2541295062848,12.639930667800687,0.0079158474925917,2.0598428898997394,0.0
5,2,375.2541295062848,12.639930667800687,0.0079158474925917,2.1183326622576706,0.0
6,0,375.2541295062848,12.639930667800687,0.0079158474925917,2.1182891503950687,0.0
6,1,375.2541295062848,12.639930667800687,0.0079158474925917,2.1735462373862227,0.0
6,2,375.2541295062848,12.639930667800687,0.0079158474925917,2.2259459429302266,0.0
7,0,375.2541295062848,12.639930667800687,0.0079158474925917,2.225878468589955,0.0
7,1,375.2541295062848,12.639930667800687,0.0079158474925917,2.275731524429289,0.0
7,2,375.2541295062848,12.639930667800687,0.0079158474925917,2.3232888609574167,1.1605e-12
8,0,375.2541295062848,12.639930667800687,0.0079158474925917,2.3231948436126837,0.0
8,1,375.2541295062848,12.639930667800687,0.0079158474925917,2.3686746940222507,0.0
8,2,375.2541295062848,12.639930667800687,0.0079158474925917,2.4122551217206385,1.5020903935e-06
9,0,375.2541295062848,12.639930667800687,0.0079158474925917,2.412049017289454,0.0
9,1,375.2541295062848,12.639930667800687,0.0079158474925917,2.453895620895559,0.0
9,2,375.2541295062848,12.639930667800687,0.0079158474925917,2.494136559334754,0.0004608183491022
0,0,524.3850548474869,12.712198045842428,0.0077496405319959,0.6931471805599441,0.0
0,1,524.3850548474869,12.712198045842428,0.0077496405319959,0.9899409166847176,0.0
0,2,524.3850548474869,12.712198045842428,0.0077496405319959,1.2001172477589008,0.0
1,0,524.3850548474869,12.712198045842428,0.0077496405319959,1.2001172477589008,0.0
1,1,524.3850548474869,12.712198045842428,0.0077496405319959,1.3604017421479493,0.0
1,2,524.3850548474869,12.712198045842428,0.0077496405319959,1.4901549077375087,0.0
2,0,524.3850548474869,12.712198045842428,0.0077496405319959,1.4901549077375082,0.0
2,1,524.3850548474869,12.712198045842428,0.0077496405319959,1.599951404421034,0.0
2,2,524.3850548474869,12.712198045842428,0.0077496405319959,1.6958691249941331,0.0
3,0,524.3850548474869,12.712198045842428,0.0077496405319959,1.6958691242612511,0.0
3,1,524.3850548474869,12.712198045842428,0.0077496405319959,1.7815967885497166,0.0
3,2,524.3850548474869,12.712198045842428,0.0077496405319959,1.8594943311068795,0.0
4,0,524.3850548474869,12.712198045842428,0.0077496405319959,1.8594941209815714,0.0
4,1,524.3850548474869,12.712198045842428,0.0077496405319959,1.9311466964906905,0.0
4,2,524.3850548474869,12.712198045842428,0.0077496405319959,1.9976665542014,0.0
5,0,524.3850548474869,12.712198045842428,0.0077496405319959,1.9976637879806791,0.0
5,1,524.3850548474869,12.712198045842428,0.0077496405319959,2.0598622391406285,0.0
5,2,524.3850548474869,12.712198045842428,0.0077496405319959,2.1183507820647622,0.0
6,0,524.3850548474869,12.712198045842428,0.0077496405319959,2.1183413943053333,0.0
6,1,524.3850548474869,12.712198045842428,0.0077496405319959,2.1735954704486136,0.0
6,2,524.3850548474869,12.712198045842428,0.0077496405319959,2.225992488878548,0.0
7,0,524.3850548474869,12.712198045842428,0.0077496405319959,2.22597468825383,0.0
7,1,524.3850548474869,12.712198045842428,0.0077496405319959,2.275822892596371,0.0
7,2,524.3850548474869,12.712198045842428,0.0077496405319959,2.3233758375671334,1e-16
8,0,524.3850548474869,12.712198045842428,0.0077496405319959,2.3233490641485854,0.0
8,1,524.3850548474869,12.712198045842428,0.0077496405319959,2.368821992878366,0.0
8,2,524.3850548474869,12.712198045842428,0.0077496405319959,2.412396086874752,5.0022474900000004e-08
9,0,524.3850548474869,12.712198045842428,0.0077496405319959,2.4123064445479727,0.0
9,1,524.3850548474869,12.712198045842428,0.0077496405319959,2.4541426441195267,0.0
9,2,524.3850548474869,12.712198045842428,0.0077496405319959,2.4943739795448194,0.0002068713029315
0,0,732.78257086521,12.753207726221882,0.0076821021165475,0.6931471805599441,0.0
0,1,732.78257086521,12.753207726221882,0.0076821021165475,0.9899409166847176,0.0
0,2,732.78257086521,12.753207726221882,0.0076821021165475,1.2001172477589008,0.0
1,0,732.78257086521,12.753207726221882,0.0076821021165475,1.2001172477589008,0.0
1,1,732.78257086521,12.753207726221882,0.0076821021165475,1.3604017421479493,0.0
1,2,732.78257086521,12.753207726221882,0.0076821021165475,1.4901549077375087,0.0
2,0,732.78257086521,12.753207726221882,0.0076821021165475,1.4901549077375087,0.0
2,1,732.78257086521,12.753207726221882,0.0076821021165475,1.5999514044210343,0.0
2,2,732.78257086521,12.753207726221882,0.0076821021165475,1.695869124994134,0.0
3,0,732.78257086521,12.753207726221882,0.0076821021165475,1.6958691249931501,0.0
3,1,732.78257086521,12.753207726221882,0.0076821021165475,1.7815967891993967,0.0
3,2,732.78257086521,12.753207726221882,0.0076821021165475,1.859494331690442,0.0
4,0,732.78257086521,12.753207726221882,0.0076821021165475,1.8594943284263845,0.0
4,1,732.78257086521,12.753207726221882,0.0076821021165475,1.9311468864744177,0.0
4,2,732.78257086521,12.753207726221882,0.0076821021165475,1.9976667293902766,0.0
5,0,732.78257086521,12.753207726221882,0.0076821021165475,1.9976665637102302,0.0
5,1,732.78257086521,12.753207726221882,0.0076821021165475,2.059864825890296,0.0
5,2,732.78257086521,12.753207726221882,0.0076821021165475,2.118353203625395,0.0
6,0,732.78257086521,12.753207726221882,0.0076821021165475,2.118352008812624,0.0
6,1,732.78257086521,12.753207726221882,0.0076821021165475,2.173605473389369,0.0
6,2,732.78257086521,12.753207726221882,0.0076821021165475,2.2260019461414253,0.0
7,0,732.78257086521,12.753207726221882,0.0076821021165475,2.2259986234248115,0.0
7,1,732.78257086521,12.753207726221882,0.0076821021165475,2.2758456239448983,0.0
7,2,732.78257086521,12.753207726221882,0.0076821021165475,2.3233974791568808,0.0
8,0,732.78257086521,12.753207726221882,0.0076821021165475,2.323391562164261,0.0
8,1,732.78257086521,12.753207726221882,0.0076821021165475,2.368862585756495,0.0
8,2,732.78257086521,12.753207726221882,0.0076821021165475,2.4124349364354716,4.4885770000000003e-10
9,0,732.78257086521,12.753207726221882,0.0076821021165475,2.4124055301173364,0.0
9,1,732.78257086521,12.753207726221882,0.0076821021165475,2.4542376915945283,0.0
9,2,732.78257086521,12.753207726221882,0.0076821021165475,2.494465302992816,7.08725888494e-05
0,0,1024.0,12.775537447254738,0.0076557428032413,0.6931471805599441,0.0
0,1,1024.0,12.775537447254738,0.0076557428032413,0.9899409166847176,0.0
0,2,1024.0,12.775537447254738,0.0076557428032413,1.2001172477589008,0.0
1,0,1024.0,12.775537447254738,0.0076557428032413,1.2001172477589008,0.0
1,1,1024.0,12.775537447254738,0.0076557428032413,1.3604017421479493,0.0
1,2,1024.0,12.775537447254738,0.0076557428032413,1.4901549077375087,0.0
2,0,1024.0,12.775537447254738,0.0076557428032413,1.4901549077375087,0.0
2,1,1024.0,12.775537447254738,0.0076557428032413,1.5999514044210343,0.0
2,2,1024.0,12.775537447254738,0.0076557428032413,1.695869124994134,0.0
3,0,1024.0,12.775537447254738,0.0076557428032413,1.6958691249941338,0.0
3,1,1024.0,12.775537447254738,0.0076557428032413,1.7815967892002702,0.0
3,2,1024.0,12.775537447254738,0.0076557428032413,1.8594943316912258,0.0
4,0,1024.0,12.775537447254738,0.0076557428032413,1.8594943316819539,0.0
4,1,1024.0,12.775537447254738,0.0076557428032413,1.9311468894542958,0.0
4,2,1024.0,12.775537447254738,0.0076557428032413,1.9976667321368125,0.0
5,0,1024.0,12.775537447254738,0.0076557428032413,1.9976667290980588,0.0
5,1,1024.0,12.775537447254738,0.0076557428032413,2.059864979917558,0.0
5,2,1024.0,12.775537447254738,0.0076557428032413,2.1183533477359955,0.0
6,0,1024.0,12.775537447254738,0.0076557428032413,2.11835328043065,0.0
6,1,1024.0,12.775537447254738,0.0076557428032413,2.1736066713561892,0.0
6,2,1024.0,12.775537447254738,0.0076557428032413,2.226003078446185,0.0
7,0,1024.0,12.775537447254738,0.0076557428032413,2.2260027158826046,0.0
7,1,1024.0,12.775537447254738,0.0076557428032413,2.275849510569881,0.0
7,2,1024.0,12.775537447254738,0.0076557428032413,2.323401179492008,0.0
8,0,1024.0,12.775537447254738,0.0076557428032413,2.3234002597001644,0.0
8,1,1024.0,12.775537447254738,0.0076557428032413,2.368870894767255,0.0
8,2,1024.0,12.775537447254738,0.0076557428032413,2.412442889869424,6.621e-13
9,0,1024.0,12.775537447254738,0.0076557428032413,2.4124363767579986,0.0
9,1,1024.0,12.775537447254738,0.0076557428032413,2.4542672777637238,0.0
9,2,1024.0,12.775537447254738,0.0076557428032413,2.4944937271895453,1.57640621396e-05
