generation,timestep,channel_beta,rate,distortion,expected_true_probs_surprisal,prop_max_hit
0,0,0.0625,4.948485804139469e-05,11.638802467947515,0.6931471805599441,0.0
0,1,0.0625,4.948485804139469e-05,11.638802467947515,0.9899409166847176,0.0
0,2,0.0625,4.948485804139469e-05,11.638802467947515,1.2001172477589008,0.0
1,0,0.0625,4.948485804139469e-05,11.638802467947515,-0.6794886803042641,0.0
1,1,0.0625,4.948485804139469e-05,11.638802467947515,-0.3826949151860282,0.0
1,2,0.0625,4.948485804139469e-05,11.638802467947515,-0.1263522112735989,1.754314189215753e-147
2,0,0.0625,4.948485804139469e-05,11.638802467947515,-0.6795192974298958,0.0
2,1,0.0625,4.948485804139469e-05,11.638802467947515,-0.38272552270706833,0.0
2,2,0.0625,4.948485804139469e-05,11.638802467947515,-0.12638254071071764,2.9739751358205926e-147
3,0,0.0625,4.948485804139469e-05,11.638802467947515,-0.6795192975616802,0.0
3,1,0.0625,4.948485804139469e-05,11.638802467947515,-0.3827255228388214,0.0
3,2,0.0625,4.948485804139469e-05,11.638802467947515,-0.12638254084128098,2.9739796372425407e-147
4,0,0.0625,4.948485804139469e-05,11.638802467947515,-0.6795192975616807,0.0
4,1,0.0625,4.948485804139469e-05,11.638802467947515,-0.38272552283882194,0.0
4,2,0.0625,4.948485804139469e-05,11.638802467947515,-0.12638254084128148,2.973979637261957e-147
5,0,0.0625,4.948485804139469e-05,11.638802467947515,-0.6795192975616807,0.0
5,1,0.0625,4.948485804139469e-05,11.638802467947515,-0.38272552283882194,0.0
5,2,0.0625,4.948485804139469e-05,11.638802467947515,-0.12638254084128153,2.973979637261957e-147
6,0,0.0625,4.948485804139469e-05,11.638802467947515,-0.6795192975616807,0.0
6,1,0.0625,4.948485804139469e-05,11.638802467947515,-0.38272552283882194,0.0
6,2,0.0625,4.948485804139469e-05,11.638802467947515,-0.12638254084128153,2.973979637261956e-147
7,0,0.0625,4.948485804139469e-05,11.638802467947515,-0.6795192975616807,0.0
7,1,0.0625,4.948485804139469e-05,11.638802467947515,-0.38272552283882194,0.0
7,2,0.0625,4.948485804139469e-05,11.638802467947515,-0.12638254084128153,2.973979637261956e-147
8,0,0.0625,4.948485804139469e-05,11.638802467947515,-0.6795192975616807,0.0
8,1,0.0625,4.948485804139469e-05,11.638802467947515,-0.38272552283882194,0.0
8,2,0.0625,4.948485804139469e-05,11.638802467947515,-0.12638254084128153,2.973979637261956e-147
9,0,0.0625,4.948485804139469e-05,11.638802467947515,-0.6795192975616807,0.0
9,1,0.0625,4.948485804139469e-05,11.638802467947515,-0.38272552283882194,0.0
9,2,0.0625,4.948485804139469e-05,11.638802467947515,-0.12638254084128153,2.973979637261956e-147
0,0,0.0873383218223026,1.0286972010701938e-05,11.638727901140635,0.6931471805599441,0.0
0,1,0.0873383218223026,1.0286972010701938e-05,11.638727901140635,0.9899409166847176,0.0
0,2,0.0873383218223026,1.0286972010701938e-05,11.638727901140635,1.2001172477589008,0.0
1,0,0.0873383218223026,1.0286972010701938e-05,11.638727901140635,-0.6791136260924948,0.0
1,1,0.0873383218223026,1.0286972010701938e-05,11.638727901140635,-0.38231988174416953,0.0
1,2,0.0873383218223026,1.0286972010701938e-05,11.638727901140635,-0.12598051370460028,1.8777242304848803e-178
2,0,0.0873383218223026,1.0286972010701938e-05,11.638727901140635,-0.6791186570885981,0.0
2,1,0.0873383218223026,1.0286972010701938e-05,11.638727901140635,-0.3823249078831369,0.0
2,2,0.0873383218223026,1.0286972010701938e-05,11.638727901140635,-0.12598549175826984,3.713770252123072e-178
3,0,0.0873383218223026,1.0286972010701938e-05,11.638727901140635,-0.6791186570921717,0.0
3,1,0.0873383218223026,1.0286972010701938e-05,11.638727901140635,-0.382324907886708,0.0
3,2,0.0873383218223026,1.0286972010701938e-05,11.638727901140635,-0.1259854917618073,3.713771409373151e-178
4,0,0.0873383218223026,1.0286972010701938e-05,11.638727901140635,-0.6791186570921717,0.0
4,1,0.0873383218223026,1.0286972010701938e-05,11.638727901140635,-0.3823249078867079,0.0
4,2,0.0873383218223026,1.0286972010701938e-05,11.638727901140635,-0.1259854917618073,3.713771409373978e-178
5,0,0.0873383218223026,1.0286972010701938e-05,11.638727901140635,-0.6791186570921716,0.0
5,1,0.0873383218223026,1.0286972010701938e-05,11.638727901140635,-0.38232490788670787,0.0
5,2,0.0873383218223026,1.0286972010701938e-05,11.638727901140635,-0.1259854917618073,3.713771409373978e-178
6,0,0.0873383218223026,1.0286972010701938e-05,11.638727901140635,-0.6791186570921715,0.0
6,1,0.0873383218223026,1.0286972010701938e-05,11.638727901140635,-0.38232490788670787,0.0
6,2,0.0873383218223026,1.0286972010701938e-05,11.638727901140635,-0.1259854917618073,3.7137714093739763e-178
7,0,0.0873383218223026,1.0286972010701938e-05,11.638727901140635,-0.6791186570921715,0.0
7,1,0.0873383218223026,1.0286972010701938e-05,11.638727901140635,-0.38232490788670775,0.0
7,2,0.0873383218223026,1.0286972010701938e-05,11.638727901140635,-0.12598549176180723,3.7137714093739763e-178
8,0,0.0873383218223026,1.0286972010701938e-05,11.638727901140635,-0.6791186570921715,0.0
8,1,0.0873383218223026,1.0286972010701938e-05,11.638727901140635,-0.38232490788670775,0.0
8,2,0.0873383218223026,1.0286972010701938e-05,11.638727901140635,-0.12598549176180723,3.713771409373975e-178
9,0,0.0873383218223026,1.0286972010701938e-05,11.638727901140635,-0.6791186570921715,0.0
9,1,0.0873383218223026,1.0286972010701938e-05,11.638727901140635,-0.38232490788670775,0.0
9,2,0.0873383218223026,1.0286972010701938e-05,11.638727901140635,-0.12598549176180723,3.713771409373975e-178
0,0,0.1220477193397777,1.0086627239775064e-05,11.63871368006476,0.6931471805599441,0.0
0,1,0.1220477193397777,1.0086627239775064e-05,11.63871368006476,0.9899409166847176,0.0
0,2,0.1220477193397777,1.0086627239775064e-05,11.63871368006476,1.2001172477589008,0.0
1,0,0.1220477193397777,1.0086627239775064e-05,11.63871368006476,-0.6790795973382698,0.0
1,1,0.1220477193397777,1.0086627239775064e-05,11.63871368006476,-0.3822858040717543,0.0
1,2,0.1220477193397777,1.0086627239775064e-05,11.63871368006476,-0.12594669920894203,5.238840836094544e-205
2,0,0.1220477193397777,1.0086627239775064e-05,11.63871368006476,-0.679081822040662,0.0
2,1,0.1220477193397777,1.0086627239775064e-05,11.63871368006476,-0.38228795017199524,0.0
2,2,0.1220477193397777,1.0086627239775064e-05,11.63871368006476,-0.12594876826298007,1.1519353562481732e-204
3,0,0.1220477193397777,1.0086627239775064e-05,11.63871368006476,-0.6790818220416258,0.0
3,1,0.1220477193397777,1.0086627239775064e-05,11.63871368006476,-0.3822879501729015,0.0
3,2,0.1220477193397777,1.0086627239775064e-05,11.63871368006476,-0.12594876826383594,1.1519353080991975e-204
4,0,0.1220477193397777,1.0086627239775064e-05,11.63871368006476,-0.6790818220416257,0.0
4,1,0.1220477193397777,1.0086627239775064e-05,11.63871368006476,-0.38228795017290146,0.0
4,2,0.1220477193397777,1.0086627239775064e-05,11.63871368006476,-0.12594876826383594,1.1519353080991125e-204
5,0,0.1220477193397777,1.0086627239775064e-05,11.63871368006476,-0.6790818220416257,0.0
5,1,0.1220477193397777,1.0086627239775064e-05,11.63871368006476,-0.38228795017290135,0.0
5,2,0.1220477193397777,1.0086627239775064e-05,11.63871368006476,-0.12594876826383594,1.1519353080991125e-204
6,0,0.1220477193397777,1.0086627239775064e-05,11.63871368006476,-0.6790818220416255,0.0
6,1,0.1220477193397777,1.0086627239775064e-05,11.63871368006476,-0.38228795017290135,0.0
6,2,0.1220477193397777,1.0086627239775064e-05,11.63871368006476,-0.12594876826383594,1.1519353080991122e-204
7,0,0.1220477193397777,1.0086627239775064e-05,11.63871368006476,-0.6790818220416255,0.0
7,1,0.1220477193397777,1.0086627239775064e-05,11.63871368006476,-0.3822879501729013,0.0
7,2,0.1220477193397777,1.0086627239775064e-05,11.63871368006476,-0.1259487682638359,1.1519353080991122e-204
8,0,0.1220477193397777,1.0086627239775064e-05,11.63871368006476,-0.6790818220416253,0.0
8,1,0.1220477193397777,1.0086627239775064e-05,11.63871368006476,-0.3822879501729012,0.0
8,2,0.1220477193397777,1.0086627239775064e-05,11.63871368006476,-0.12594876826383583,1.151935308099112e-204
9,0,0.1220477193397777,1.0086627239775064e-05,11.63871368006476,-0.6790818220416251,0.0
9,1,0.1220477193397777,1.0086627239775064e-05,11.63871368006476,-0.3822879501729012,0.0
9,2,0.1220477193397777,1.0086627239775064e-05,11.63871368006476,-0.1259487682638359,1.1519353080991117e-204
0,0,0.1705510878300092,0.2303211048038225,10.244175433603482,0.6931471805599441,0.0
0,1,0.1705510878300092,0.2303211048038225,10.244175433603482,0.9899409166847176,0.0
0,2,0.1705510878300092,0.2303211048038225,10.244175433603482,1.2001172477589008,0.0
1,0,0.1705510878300092,0.2303211048038225,10.244175433603482,-0.9778104952593175,0.0
1,1,0.1705510878300092,0.2303211048038225,10.244175433603482,-0.6780631716052489,0.0
1,2,0.1705510878300092,0.2303211048038225,10.244175433603482,-0.41738829223398777,4.402637530962492e-120
2,0,0.1705510878300092,0.2303211048038225,10.244175433603482,-1.0239848812227312,0.0
2,1,0.1705510878300092,0.2303211048038225,10.244175433603482,-0.7202516437449845,0.0
2,2,0.1705510878300092,0.2303211048038225,10.244175433603482,-0.45622333187409947,5.715825571814364e-120
3,0,0.1705510878300092,0.2303211048038225,10.244175433603482,-1.0282662959293125,0.0
3,1,0.1705510878300092,0.2303211048038225,10.244175433603482,-0.7241425963354802,0.0
3,2,0.1705510878300092,0.2303211048038225,10.244175433603482,-0.4597938787905817,5.385579899671941e-120
4,0,0.1705510878300092,0.2303211048038225,10.244175433603482,-1.0286193301095483,0.0
4,1,0.1705510878300092,0.2303211048038225,10.244175433603482,-0.7244650363753204,0.0
4,2,0.1705510878300092,0.2303211048038225,10.244175433603482,-0.4600911687488612,5.367226112382165e-120
5,0,0.1705510878300092,0.2303211048038225,10.244175433603482,-1.0286462223883568,0.0
5,1,0.1705510878300092,0.2303211048038225,10.244175433603482,-0.7244896788095742,0.0
5,2,0.1705510878300092,0.2303211048038225,10.244175433603482,-0.4601139562724929,5.36607149625647e-120
6,0,0.1705510878300092,0.2303211048038225,10.244175433603482,-1.0286482432648585,0.0
6,1,0.1705510878300092,0.2303211048038225,10.244175433603482,-0.7244915362874781,0.0
6,2,0.1705510878300092,0.2303211048038225,10.244175433603482,-0.46011567854369245,5.3659928030779625e-120
7,0,0.1705510878300092,0.2303211048038225,10.244175433603482,-1.0286483961075383,0.0
7,1,0.1705510878300092,0.2303211048038225,10.244175433603482,-0.7244916772179002,0.0
7,2,0.1705510878300092,0.2303211048038225,10.244175433603482,-0.46011580957467735,5.3659872465267676e-120
8,0,0.1705510878300092,0.2303211048038225,10.244175433603482,-1.0286484078212257,0.0
8,1,0.1705510878300092,0.2303211048038225,10.244175433603482,-0.7244916880543628,0.0
8,2,0.1705510878300092,0.2303211048038225,10.244175433603482,-0.46011581967855275,5.36598684663144e-120
9,0,0.1705510878300092,0.2303211048038225,10.244175433603482,-1.0286484087331065,0.0
9,1,0.1705510878300092,0.2303211048038225,10.244175433603482,-0.7244916889007927,0.0
9,2,0.1705510878300092,0.2303211048038225,10.244175433603482,-0.4601158204700253,5.365986817431151e-120
0,0,0.2383303327366585,0.927350372661028,6.778970318475658,0.6931471805599441,0.0
0,1,0.2383303327366585,0.927350372661028,6.778970318475658,0.9899409166847176,0.0
0,2,0.2383303327366585,0.927350372661028,6.778970318475658,1.2001172477589008,0.0
1,0,0.2383303327366585,0.927350372661028,6.778970318475658,-1.8905205544338441,0.0
1,1,0.2383303327366585,0.927350372661028,6.778970318475658,-1.5968728848606315,0.0
1,2,0.2383303327366585,0.927350372661028,6.778970318475658,-1.3352944460411211,3.336431759539759e-65
2,0,0.2383303327366585,0.927350372661028,6.778970318475658,-1.9912872085140603,0.0
2,1,0.2383303327366585,0.927350372661028,6.778970318475658,-1.6928487342282441,0.0
2,2,0.2383303327366585,0.927350372661028,6.778970318475658,-1.426499510905341,1.4319485483724369e-65
3,0,0.2383303327366585,0.927350372661028,6.778970318475658,-2.049980542290307,0.0
3,1,0.2383303327366585,0.927350372661028,6.778970318475658,-1.7473675857147462,0.0
3,2,0.2383303327366585,0.927350372661028,6.778970318475658,-1.4773886868194628,6.168129148834301e-66
4,0,0.2383303327366585,0.927350372661028,6.778970318475658,-2.07718597674931,0.0
4,1,0.2383303327366585,0.927350372661028,6.778970318475658,-1.7725582147247498,0.0
4,2,0.2383303327366585,0.927350372661028,6.778970318475658,-1.5008629117622367,4.6016648298801753e-66
5,0,0.2383303327366585,0.927350372661028,6.778970318475658,-2.0885065415627526,0.0
5,1,0.2383303327366585,0.927350372661028,6.778970318475658,-1.783043194064437,0.0
5,2,0.2383303327366585,0.927350372661028,6.778970318475658,-1.510640053923471,4.24832729923558e-66
6,0,0.2383303327366585,0.927350372661028,6.778970318475658,-2.0930127827390916,0.0
6,1,0.2383303327366585,0.927350372661028,6.778970318475658,-1.7872230668500766,0.0
6,2,0.2383303327366585,0.927350372661028,6.778970318475658,-1.5145436484161316,4.1543530184015004e-66
7,0,0.2383303327366585,0.927350372661028,6.778970318475658,-2.0947754381286394,0.0
7,1,0.2383303327366585,0.927350372661028,6.778970318475658,-1.7888614473392541,0.0
7,2,0.2383303327366585,0.927350372661028,6.778970318475658,-1.5160766593884736,4.125951440262704e-66
8,0,0.2383303327366585,0.927350372661028,6.778970318475658,-2.0954622876086635,0.0
8,1,0.2383303327366585,0.927350372661028,6.778970318475658,-1.7895013847098953,0.0
8,2,0.2383303327366585,0.927350372661028,6.778970318475658,-1.5166767059934294,4.1166490989535283e-66
9,0,0.2383303327366585,0.927350372661028,6.778970318475658,-2.0957308829478443,0.0
9,1,0.2383303327366585,0.927350372661028,6.778970318475658,-1.789752263369734,0.0
9,2,0.2383303327366585,0.927350372661028,6.778970318475658,-1.5169124637017917,4.1134607671935286e-66
0,0,0.333045940809132,1.449711934132035,4.920326819491011,0.6931471805599441,0.0
0,1,0.333045940809132,1.449711934132035,4.920326819491011,0.9899409166847176,0.0
0,2,0.333045940809132,1.449711934132035,4.920326819491011,1.2001172477589008,0.0
1,0,0.333045940809132,1.449711934132035,4.920326819491011,-1.9564964455514453,0.0
1,1,0.333045940809132,1.449711934132035,4.920326819491011,-1.6936281419744805,0.0
1,2,0.333045940809132,1.449711934132035,4.920326819491011,-1.4568439500874812,1.3005743759959307e-80
2,0,0.333045940809132,1.449711934132035,4.920326819491011,-2.152897736612214,0.0
2,1,0.333045940809132,1.449711934132035,4.920326819491011,-1.8880982090503178,0.0
2,2,0.333045940809132,1.449711934132035,4.920326819491011,-1.647949615706385,1.6567647182123228e-80
3,0,0.333045940809132,1.449711934132035,4.920326819491011,-2.321174764365518,0.0
3,1,0.333045940809132,1.449711934132035,4.920326819491011,-2.050019781230519,0.0
3,2,0.333045940809132,1.449711934132035,4.920326819491011,-1.803689777506531,9.303216378673947e-81
4,0,0.333045940809132,1.449711934132035,4.920326819491011,-2.4473446461545163,0.0
4,1,0.333045940809132,1.449711934132035,4.920326819491011,-2.1702354962424115,0.0
4,2,0.333045940809132,1.449711934132035,4.920326819491011,-1.918447721564804,5.669002240515669e-81
5,0,0.333045940809132,1.449711934132035,4.920326819491011,-2.534963537721697,0.0
5,1,0.333045940809132,1.449711934132035,4.920326819491011,-2.2533525159708407,0.0
5,2,0.333045940809132,1.449711934132035,4.920326819491011,-1.9975224455691956,3.8182497349609766e-81
6,0,0.333045940809132,1.449711934132035,4.920326819491011,-2.5938948797025363,0.0
6,1,0.333045940809132,1.449711934132035,4.920326819491011,-2.3091377096906442,0.0
6,2,0.333045940809132,1.449711934132035,4.920326819491011,-2.0505092632009254,2.8546413302568286e-81
7,0,0.333045940809132,1.449711934132035,4.920326819491011,-2.633002287160013,0.0
7,1,0.333045940809132,1.449711934132035,4.920326819491011,-2.3461230476986157,0.0
7,2,0.333045940809132,1.449711934132035,4.920326819491011,-2.085615902619662,2.3414466531250178e-81
8,0,0.333045940809132,1.449711934132035,4.920326819491011,-2.658830552354207,0.0
8,1,0.333045940809132,1.449711934132035,4.920326819491011,-2.370544138106372,0.0
8,2,0.333045940809132,1.449711934132035,4.920326819491011,-2.108793921325135,2.0617821920557247e-81
9,0,0.333045940809132,1.449711934132035,4.920326819491011,-2.6758807733752947,0.0
9,1,0.333045940809132,1.449711934132035,4.920326819491011,-2.3866685728459682,0.0
9,2,0.333045940809132,1.449711934132035,4.920326819491011,-2.124101143407025,1.9058686807295665e-81
0,0,0.4654027769599926,1.9808570287001217,3.5801894810042487,0.6931471805599441,0.0
0,1,0.4654027769599926,1.9808570287001217,3.5801894810042487,0.9899409166847176,0.0
0,2,0.4654027769599926,1.9808570287001217,3.5801894810042487,1.2001172477589008,0.0
1,0,0.4654027769599926,1.9808570287001217,3.5801894810042487,-1.4758733719280104,0.0
1,1,0.4654027769599926,1.9808570287001217,3.5801894810042487,-1.2564439002406413,0.0
1,2,0.4654027769599926,1.9808570287001217,3.5801894810042487,-1.0572983707970751,5.37009069430211e-58
2,0,0.4654027769599926,1.9808570287001217,3.5801894810042487,-1.7975679213887101,0.0
2,1,0.4654027769599926,1.9808570287001217,3.5801894810042487,-1.5765603062453621,0.0
2,2,0.4654027769599926,1.9808570287001217,3.5801894810042487,-1.3739636971085771,9.593281683319993e-58
3,0,0.4654027769599926,1.9808570287001217,3.5801894810042487,-2.0785858624598665,0.0
3,1,0.4654027769599926,1.9808570287001217,3.5801894810042487,-1.8508795144834673,0.0
3,2,0.4654027769599926,1.9808570287001217,3.5801894810042487,-1.6413090966849524,6.684458197287096e-58
4,0,0.4654027769599926,1.9808570287001217,3.5801894810042487,-2.3190174003623287,0.0
4,1,0.4654027769599926,1.9808570287001217,3.5801894810042487,-2.0834041456325987,0.0
4,2,0.4654027769599926,1.9808570287001217,3.5801894810042487,-1.8662520051716933,4.79098118452627e-58
5,0,0.4654027769599926,1.9808570287001217,3.5801894810042487,-2.5154409066405576,0.0
5,1,0.4654027769599926,1.9808570287001217,3.5801894810042487,-2.2724552794670245,0.0
5,2,0.4654027769599926,1.9808570287001217,3.5801894810042487,-2.0484322326910043,3.536307214595144e-58
6,0,0.4654027769599926,1.9808570287001217,3.5801894810042487,-2.6710712343971164,0.0
6,1,0.4654027769599926,1.9808570287001217,3.5801894810042487,-2.4218440669978314,0.0
6,2,0.4654027769599926,1.9808570287001217,3.5801894810042487,-2.192081086758483,2.693718410079048e-58
7,0,0.4654027769599926,1.9808570287001217,3.5801894810042487,-2.792147001631954,0.0
7,1,0.4654027769599926,1.9808570287001217,3.5801894810042487,-2.5378840748026037,0.0
7,2,0.4654027769599926,1.9808570287001217,3.5801894810042487,-2.303523226088895,2.12150729667554e-58
8,0,0.4654027769599926,1.9808570287001217,3.5801894810042487,-2.8853744842588593,0.0
8,1,0.4654027769599926,1.9808570287001217,3.5801894810042487,-2.6271534262181686,0.0
8,2,0.4654027769599926,1.9808570287001217,3.5801894810042487,-2.38919360884399,1.7289861379247214e-58
9,0,0.4654027769599926,1.9808570287001217,3.5801894810042487,-2.9567762795465873,0.0
9,1,0.4654027769599926,1.9808570287001217,3.5801894810042487,-2.6954893050803213,0.0
9,2,0.4654027769599926,1.9808570287001217,3.5801894810042487,-2.454748614885075,1.4572281189921977e-58
0,0,0.6503599601780028,2.5533788639137507,2.5317098114972065,0.6931471805599441,0.0
0,1,0.6503599601780028,2.5533788639137507,2.5317098114972065,0.9899409166847176,0.0
0,2,0.6503599601780028,2.5533788639137507,2.5317098114972065,1.2001172477589008,0.0
1,0,0.6503599601780028,2.5533788639137507,2.5317098114972065,-1.320378142523154,0.0
1,1,0.6503599601780028,2.5533788639137507,2.5317098114972065,-1.119525384470413,0.0
1,2,0.6503599601780028,2.5533788639137507,2.5317098114972065,-0.9363125250104624,1.3841858764056837e-36
2,0,0.6503599601780028,2.5533788639137507,2.5317098114972065,-1.4948962737414406,0.0
2,1,0.6503599601780028,2.5533788639137507,2.5317098114972065,-1.3014799115644204,0.0
2,2,0.6503599601780028,2.5533788639137507,2.5317098114972065,-1.1229411878711293,4.5330340787826345e-36
3,0,0.6503599601780028,2.5533788639137507,2.5317098114972065,-1.7166122633680945,0.0
3,1,0.6503599601780028,2.5533788639137507,2.5317098114972065,-1.5223256748589975,0.0
3,2,0.6503599601780028,2.5533788639137507,2.5317098114972065,-1.3419481129921285,3.37141147627207e-36
4,0,0.6503599601780028,2.5533788639137507,2.5317098114972065,-1.949180625017314,0.0
4,1,0.6503599601780028,2.5533788639137507,2.5317098114972065,-1.7503398618084185,0.0
4,2,0.6503599601780028,2.5533788639137507,2.5317098114972065,-1.5652424568506111,2.5574232712036656e-36
5,0,0.6503599601780028,2.5533788639137507,2.5317098114972065,-2.170342352713388,0.0
5,1,0.6503599601780028,2.5533788639137507,2.5317098114972065,-1.9656106628147265,0.0
5,2,0.6503599601780028,2.5533788639137507,2.5317098114972065,-1.7748156090573046,1.9840902544553773e-36
6,0,0.6503599601780028,2.5533788639137507,2.5317098114972065,-2.36904433003586,0.0
6,1,0.6503599601780028,2.5533788639137507,2.5317098114972065,-2.15829530546267,0.0
6,2,0.6503599601780028,2.5533788639137507,2.5317098114972065,-1.961815522592847,1.5723602906754066e-36
7,0,0.6503599601780028,2.5533788639137507,2.5317098114972065,-2.5415530328090052,0.0
7,1,0.6503599601780028,2.5533788639137507,2.5317098114972065,-2.3252261321221726,0.0
7,2,0.6503599601780028,2.5533788639137507,2.5317098114972065,-2.1235337653145745,1.2716848337544658e-36
8,0,0.6503599601780028,2.5533788639137507,2.5317098114972065,-2.6882035858625684,0.0
8,1,0.6503599601780028,2.5533788639137507,2.5317098114972065,-2.4669573292271574,0.0
8,2,0.6503599601780028,2.5533788639137507,2.5317098114972065,-2.260694432375999,1.0489595607301885e-36
9,0,0.6503599601780028,2.5533788639137507,2.5317098114972065,-2.8112626009294273,0.0
9,1,0.6503599601780028,2.5533788639137507,2.5317098114972065,-2.5857984656997672,0.0
9,2,0.6503599601780028,2.5533788639137507,2.5317098114972065,-2.375629949731586,8.819713071600782e-37
0,0,0.9088215600378616,3.10345415516972,1.8155777262794048,0.6931471805599441,0.0
0,1,0.9088215600378616,3.10345415516972,1.8155777262794048,0.9899409166847176,0.0
0,2,0.9088215600378616,3.10345415516972,1.8155777262794048,1.2001172477589008,0.0
1,0,0.9088215600378616,3.10345415516972,1.8155777262794048,-1.323981855923987,0.0
1,1,0.9088215600378616,3.10345415516972,1.8155777262794048,-1.1291111299507552,0.0
1,2,0.9088215600378616,3.10345415516972,1.8155777262794048,-0.9514921836861302,5.355786032803514e-49
2,0,0.9088215600378616,3.10345415516972,1.8155777262794048,-1.3019648011302865,0.0
2,1,0.9088215600378616,3.10345415516972,1.8155777262794048,-1.1230455209443435,0.0
2,2,0.9088215600378616,3.10345415516972,1.8155777262794048,-0.9574033934940444,3.6160617060714297e-48
3,0,0.9088215600378616,3.10345415516972,1.8155777262794048,-1.3549353108784654,0.0
3,1,0.9088215600378616,3.10345415516972,1.8155777262794048,-1.1822464383845421,0.0
3,2,0.9088215600378616,3.10345415516972,1.8155777262794048,-1.0212363219281935,2.82110783574157e-48
4,0,0.9088215600378616,3.10345415516972,1.8155777262794048,-1.4654654267917073,0.0
4,1,0.9088215600378616,3.10345415516972,1.8155777262794048,-1.2938675452382675,0.0
4,2,0.9088215600378616,3.10345415516972,1.8155777262794048,-1.133273463355295,2.1674843039788278e-48
5,0,0.9088215600378616,3.10345415516972,1.8155777262794048,-1.6062555093003406,0.0
5,1,0.9088215600378616,3.10345415516972,1.8155777262794048,-1.4329148820472877,0.0
5,2,0.9088215600378616,3.10345415516972,1.8155777262794048,-1.2703732734425963,1.6958168363212888e-48
6,0,0.9088215600378616,3.10345415516972,1.8155777262794048,-1.7584517454371564,0.0
6,1,0.9088215600378616,3.10345415516972,1.8155777262794048,-1.581927128529907,0.0
6,2,0.9088215600378616,3.10345415516972,1.8155777262794048,-1.4162384032073663,1.35754183828451e-48
7,0,0.9088215600378616,3.10345415516972,1.8155777262794048,-1.909803551669595,0.0
7,1,0.9088215600378616,3.10345415516972,1.8155777262794048,-1.7294906313142926,0.0
7,2,0.9088215600378616,3.10345415516972,1.8155777262794048,-1.560169442834187,1.111656777409524e-48
8,0,0.9088215600378616,3.10345415516972,1.8155777262794048,-2.053139263866348,0.0
8,1,0.9088215600378616,3.10345415516972,1.8155777262794048,-1.8689183974630716,0.0
8,2,0.9088215600378616,3.10345415516972,1.8155777262794048,-1.6958968115391326,9.2962469320923e-49
9,0,0.9088215600378616,3.10345415516972,1.8155777262794048,-2.1847981480658603,0.0
9,1,0.9088215600378616,3.10345415516972,1.8155777262794048,-1.9968155174239763,0.0
9,2,0.9088215600378616,3.10345415516972,1.8155777262794048,-1.8202546408055507,7.923428909338805e-49
0,0,1.2699991982341428,3.6402441794120097,1.3128150599451256,0.6931471805599441,0.0
0,1,1.2699991982341428,3.6402441794120097,1.3128150599451256,0.9899409166847176,0.0
0,2,1.2699991982341428,3.6402441794120097,1.3128150599451256,1.2001172477589008,0.0
1,0,1.2699991982341428,3.6402441794120097,1.3128150599451256,-0.8268851999434744,0.0
1,1,1.2699991982341428,3.6402441794120097,1.3128150599451256,-0.633067472954813,0.0
1,2,1.2699991982341428,3.6402441794120097,1.3128150599451256,-0.4634563023308401,2.0168117812271842e-60
2,0,1.2699991982341428,3.6402441794120097,1.3128150599451256,-0.9129357096938784,0.0
2,1,1.2699991982341428,3.6402441794120097,1.3128150599451256,-0.747526076330654,0.0
2,2,1.2699991982341428,3.6402441794120097,1.3128150599451256,-0.5953670904251607,2.813030368097921e-59
3,0,1.2699991982341428,3.6402441794120097,1.3128150599451256,-0.8804141235563872,0.0
3,1,1.2699991982341428,3.6402441794120097,1.3128150599451256,-0.7269019211725265,0.0
3,2,1.2699991982341428,3.6402441794120097,1.3128150599451256,-0.5836991931693533,2.5648040376300352e-59
4,0,1.2699991982341428,3.6402441794120097,1.3128150599451256,-0.8855035011363148,0.0
4,1,1.2699991982341428,3.6402441794120097,1.3128150599451256,-0.7375440562057292,0.0
4,2,1.2699991982341428,3.6402441794120097,1.3128150599451256,-0.598712806160092,2.102130240672457e-59
5,0,1.2699991982341428,3.6402441794120097,1.3128150599451256,-0.9323385166436392,0.0
5,1,1.2699991982341428,3.6402441794120097,1.3128150599451256,-0.7864230872099038,0.0
5,2,1.2699991982341428,3.6402441794120097,1.3128150599451256,-0.6490893537993698,1.7245194045153013e-59
6,0,1.2699991982341428,3.6402441794120097,1.3128150599451256,-1.0086390365841997,0.0
6,1,1.2699991982341428,3.6402441794120097,1.3128150599451256,-0.8626297615100491,0.0
6,2,1.2699991982341428,3.6402441794120097,1.3128150599451256,-0.7249722467478159,1.434775199776296e-59
7,0,1.2699991982341428,3.6402441794120097,1.3128150599451256,-1.1023811279759625,0.0
7,1,1.2699991982341428,3.6402441794120097,1.3128150599451256,-0.9550003027064771,0.0
7,2,1.2699991982341428,3.6402441794120097,1.3128150599451256,-0.8159175397871559,1.212082955530705e-59
8,0,1.2699991982341428,3.6402441794120097,1.3128150599451256,-1.2042690067798212,0.0
8,1,1.2699991982341428,3.6402441794120097,1.3128150599451256,-1.0548051477393656,0.0
8,2,1.2699991982341428,3.6402441794120097,1.3128150599451256,-0.9136848596091289,1.0394325531878794e-59
9,0,1.2699991982341428,3.6402441794120097,1.3128150599451256,-1.307821461095382,0.0
9,1,1.2699991982341428,3.6402441794120097,1.3128150599451256,-1.155930242572369,0.0
9,2,1.2699991982341428,3.6402441794120097,1.3128150599451256,-1.012481872621708,9.043096257244005e-60
0,0,1.774713579031038,4.165030166792046,0.9607674502144992,0.6931471805599441,0.0
0,1,1.774713579031038,4.165030166792046,0.9607674502144992,0.9899409166847176,0.0
0,2,1.774713579031038,4.165030166792046,0.9607674502144992,1.2001172477589008,0.0
1,0,1.774713579031038,4.165030166792046,0.9607674502144992,0.8343683266111188,0.0
1,1,1.774713579031038,4.165030166792046,0.9607674502144992,1.0351787847387652,0.0
1,2,1.774713579031038,4.165030166792046,0.9607674502144992,1.1967196648087428,2.089391019530589e-70
2,0,1.774713579031038,4.165030166792046,0.9607674502144992,0.22130644149722148,0.0
2,1,1.774713579031038,4.165030166792046,0.9607674502144992,0.372974288592923,0.0
2,2,1.774713579031038,4.165030166792046,0.9607674502144992,0.5063995894685878,1.6531022010390854e-67
3,0,1.774713579031038,4.165030166792046,0.9607674502144992,-0.0021799204240589287,0.0
3,1,1.774713579031038,4.165030166792046,0.9607674502144992,0.12877619254267397,0.0
3,2,1.774713579031038,4.165030166792046,0.9607674502144992,0.24922592858471415,2.492868364668914e-66
4,0,1.774713579031038,4.165030166792046,0.9607674502144992,-0.08255107796614009,0.0
4,1,1.774713579031038,4.165030166792046,0.9607674502144992,0.04006021948505356,0.0
4,2,1.774713579031038,4.165030166792046,0.9607674502144992,0.1548616798651637,3.8153499090297933e-66
5,0,1.774713579031038,4.165030166792046,0.9607674502144992,-0.13318846420542713,0.0
5,1,1.774713579031038,4.165030166792046,0.9607674502144992,-0.013934677348900207,0.0
5,2,1.774713579031038,4.165030166792046,0.9607674502144992,0.09851726894436888,4.632015805911879e-66
6,0,1.774713579031038,4.165030166792046,0.9607674502144992,-0.18531744795855307,0.0
6,1,1.774713579031038,4.165030166792046,0.9607674502144992,-0.06709704023987827,0.0
6,2,1.774713579031038,4.165030166792046,0.9607674502144992,0.04472257425488381,5.256239087060089e-66
7,0,1.774713579031038,4.165030166792046,0.9607674502144992,-0.24453086224662507,0.0
7,1,1.774713579031038,4.165030166792046,0.9607674502144992,-0.1261014143731421,0.0
7,2,1.774713579031038,4.165030166792046,0.9607674502144992,-0.013920823808510382,5.783975117146358e-66
8,0,1.774713579031038,4.165030166792046,0.9607674502144992,-0.3094552871772888,0.0
8,1,1.774713579031038,4.165030166792046,0.9607674502144992,-0.19010890116325468,0.0
8,2,1.774713579031038,4.165030166792046,0.9607674502144992,-0.07697664025393844,6.238947701563412e-66
9,0,1.774713579031038,4.165030166792046,0.9607674502144992,-0.3773808530871846,0.0
9,1,1.774713579031038,4.165030166792046,0.9607674502144992,-0.2567179740893477,0.0
9,2,1.774713579031038,4.165030166792046,0.9607674502144992,-0.1422950762699507,6.628206832264858e-66
0,0,2.4800080913251747,4.701033403002048,0.7044149583545573,0.6931471805599441,0.0
0,1,2.4800080913251747,4.701033403002048,0.7044149583545573,0.9899409166847176,0.0
0,2,2.4800080913251747,4.701033403002048,0.7044149583545573,1.2001172477589008,0.0
1,0,2.4800080913251747,4.701033403002048,0.7044149583545573,0.9948720395349904,0.0
1,1,2.4800080913251747,4.701033403002048,0.7044149583545573,1.169187952203202,0.0
1,2,2.4800080913251747,4.701033403002048,0.7044149583545573,1.3140768349091774,3.161843673759328e-67
2,0,2.4800080913251747,4.701033403002048,0.7044149583545573,0.6328104164696522,0.0
2,1,2.4800080913251747,4.701033403002048,0.7044149583545573,0.7750962252411873,0.0
2,2,2.4800080913251747,4.701033403002048,0.7044149583545573,0.9004620850215052,6.48087566433388e-65
3,0,2.4800080913251747,4.701033403002048,0.7044149583545573,0.4173404595417919,0.0
3,1,2.4800080913251747,4.701033403002048,0.7044149583545573,0.5396954763350283,0.0
3,2,2.4800080913251747,4.701033403002048,0.7044149583545573,0.6513265729150677,9.060107524107123e-64
4,0,2.4800080913251747,4.701033403002048,0.7044149583545573,0.33866577873792314,0.0
4,1,2.4800080913251747,4.701033403002048,0.7044149583545573,0.44957194554246893,0.0
4,2,2.4800080913251747,4.701033403002048,0.7044149583545573,0.5528758834614359,1.6503667628712568e-63
5,0,2.4800080913251747,4.701033403002048,0.7044149583545573,0.3199096394816426,0.0
5,1,2.4800080913251747,4.701033403002048,0.7044149583545573,0.42452292288465265,0.0
5,2,2.4800080913251747,4.701033403002048,0.7044149583545573,0.5230586690455313,2.0991659521917578e-63
6,0,2.4800080913251747,4.701033403002048,0.7044149583545573,0.32026774442453576,0.0
6,1,2.4800080913251747,4.701033403002048,0.7044149583545573,0.421474271944518,0.0
6,2,2.4800080913251747,4.701033403002048,0.7044149583545573,0.5173409780302045,2.3775098886032047e-63
7,0,2.4800080913251747,4.701033403002048,0.7044149583545573,0.3223294514399659,0.0
7,1,2.4800080913251747,4.701033403002048,0.7044149583545573,0.4217509441031326,0.0
7,2,2.4800080913251747,4.701033403002048,0.7044149583545573,0.5161896311488389,2.5763967500688547e-63
8,0,2.4800080913251747,4.701033403002048,0.7044149583545573,0.3199388212967461,0.0
8,1,2.4800080913251747,4.701033403002048,0.7044149583545573,0.41852213654495407,0.0
8,2,2.4800080913251747,4.701033403002048,0.7044149583545573,0.5122927354363129,2.7379627052463363e-63
9,0,2.4800080913251747,4.701033403002048,0.7044149583545573,0.31178047832295097,0.0
9,1,2.4800080913251747,4.701033403002048,0.7044149583545573,0.4101022040867394,0.0
9,2,2.4800080913251747,4.701033403002048,0.7044149583545573,0.503686254875978,2.8784048902426143e-63
0,0,3.465595916833162,5.245706700022744,0.5181290463924864,0.6931471805599441,0.0
0,1,3.465595916833162,5.245706700022744,0.5181290463924864,0.9899409166847176,0.0
0,2,3.465595916833162,5.245706700022744,0.5181290463924864,1.2001172477589008,0.0
1,0,3.465595916833162,5.245706700022744,0.5181290463924864,0.9053814351662104,0.0
1,1,3.465595916833162,5.245706700022744,0.5181290463924864,1.0772288653724023,0.0
1,2,3.465595916833162,5.245706700022744,0.5181290463924864,1.2218449110965959,3.207210669885806e-64
2,0,3.465595916833162,5.245706700022744,0.5181290463924864,0.7385400346483713,0.0
2,1,3.465595916833162,5.245706700022744,0.5181290463924864,0.874814185481193,0.0
2,2,3.465595916833162,5.245706700022744,0.5181290463924864,0.9968159361607745,5.542718433599978e-60
3,0,3.465595916833162,5.245706700022744,0.5181290463924864,0.5530881416196161,0.0
3,1,3.465595916833162,5.245706700022744,0.5181290463924864,0.6719674646220777,0.0
3,2,3.465595916833162,5.245706700022744,0.5181290463924864,0.7812101188979792,8.694938520476819e-59
4,0,3.465595916833162,5.245706700022744,0.5181290463924864,0.5051143289447728,0.0
4,1,3.465595916833162,5.245706700022744,0.5181290463924864,0.6119496600782257,0.0
4,2,3.465595916833162,5.245706700022744,0.5181290463924864,0.7116752219452622,1.9930667596760818e-58
5,0,3.465595916833162,5.245706700022744,0.5181290463924864,0.530671326868544,0.0
5,1,3.465595916833162,5.245706700022744,0.5181290463924864,0.6293224200652412,0.0
5,2,3.465595916833162,5.245706700022744,0.5181290463924864,0.7223155287204206,2.835748446484663e-58
6,0,3.465595916833162,5.245706700022744,0.5181290463924864,0.5825304606611845,0.0
6,1,3.465595916833162,5.245706700022744,0.5181290463924864,0.6757214606720356,0.0
6,2,3.465595916833162,5.245706700022744,0.5181290463924864,0.7640815009746349,3.399244707842325e-58
7,0,3.465595916833162,5.245706700022744,0.5181290463924864,0.6388972882652895,0.0
7,1,3.465595916833162,5.245706700022744,0.5181290463924864,0.7284103444191492,0.0
7,2,3.465595916833162,5.245706700022744,0.5181290463924864,0.813566700208634,3.779816964735197e-58
8,0,3.465595916833162,5.245706700022744,0.5181290463924864,0.6908917919973893,0.0
8,1,3.465595916833162,5.245706700022744,0.5181290463924864,0.7778797603537516,0.0
8,2,3.465595916833162,5.245706700022744,0.5181290463924864,0.860788473431922,4.048415925705549e-58
9,0,3.465595916833162,5.245706700022744,0.5181290463924864,0.7354970531089815,0.0
9,1,3.465595916833162,5.245706700022744,0.5181290463924864,0.8207201669611318,0.0
9,2,3.465595916833162,5.245706700022744,0.5181290463924864,0.902030479197748,4.246019943420362e-58
0,0,4.842869303846925,5.825907974482229,0.3755745883863556,0.6931471805599441,0.0
0,1,4.842869303846925,5.825907974482229,0.3755745883863556,0.9899409166847176,0.0
0,2,4.842869303846925,5.825907974482229,0.3755745883863556,1.2001172477589008,0.0
1,0,4.842869303846925,5.825907974482229,0.3755745883863556,1.0887160494754347,0.0
1,1,4.842869303846925,5.825907974482229,0.3755745883863556,1.2564159337550431,0.0
1,2,4.842869303846925,5.825907974482229,0.3755745883863556,1.3935036468437407,6.959463068586924e-56
2,0,4.842869303846925,5.825907974482229,0.3755745883863556,1.1412747080605992,0.0
2,1,4.842869303846925,5.825907974482229,0.3755745883863556,1.2674895356432128,0.0
2,2,4.842869303846925,5.825907974482229,0.3755745883863556,1.3795869901777675,1.3386470842049743e-48
3,0,4.842869303846925,5.825907974482229,0.3755745883863556,1.0537508257123733,0.0
3,1,4.842869303846925,5.825907974482229,0.3755745883863556,1.1626113114205943,0.0
3,2,4.842869303846925,5.825907974482229,0.3755745883863556,1.2625120121716173,9.055038154318342e-47
4,0,4.842869303846925,5.825907974482229,0.3755745883863556,0.9689760830210049,0.0
4,1,4.842869303846925,5.825907974482229,0.3755745883863556,1.067275688584258,0.0
4,2,4.842869303846925,5.825907974482229,0.3755745883863556,1.1588817115637022,4.736434177607718e-46
5,0,4.842869303846925,5.825907974482229,0.3755745883863556,0.9679042951344552,0.0
5,1,4.842869303846925,5.825907974482229,0.3755745883863556,1.0576002165217522,0.0
5,2,4.842869303846925,5.825907974482229,0.3755745883863556,1.1420187521788627,7.420883796244987e-46
6,0,4.842869303846925,5.825907974482229,0.3755745883863556,1.0208268662645383,0.0
6,1,4.842869303846925,5.825907974482229,0.3755745883863556,1.1036734123596552,0.0
6,2,4.842869303846925,5.825907974482229,0.3755745883863556,1.182181499271019,6.015929023080274e-46
7,0,4.842869303846925,5.825907974482229,0.3755745883863556,1.094936271002413,0.0
7,1,4.842869303846925,5.825907974482229,0.3755745883863556,1.1725660697153861,0.0
7,2,4.842869303846925,5.825907974482229,0.3755745883863556,1.2464709437943844,3.936566533939844e-46
8,0,4.842869303846925,5.825907974482229,0.3755745883863556,1.1721798002771813,0.0
8,1,4.842869303846925,5.825907974482229,0.3755745883863556,1.245898430882389,0.0
8,2,4.842869303846925,5.825907974482229,0.3755745883863556,1.3162902489240138,2.4260857470502134e-46
9,0,4.842869303846925,5.825907974482229,0.3755745883863556,1.24435222575006,0.0
9,1,4.842869303846925,5.825907974482229,0.3755745883863556,1.3151353684308056,0.0
9,2,4.842869303846925,5.825907974482229,0.3755745883863556,1.382851593775312,1.503017266590466e-46
0,0,6.767489244843735,6.422424040875069,0.2713097525977029,0.6931471805599441,0.0
0,1,6.767489244843735,6.422424040875069,0.2713097525977029,0.9899409166847176,0.0
0,2,6.767489244843735,6.422424040875069,0.2713097525977029,1.2001172477589008,0.0
1,0,6.767489244843735,6.422424040875069,0.2713097525977029,1.128865384996623,0.0
1,1,6.767489244843735,6.422424040875069,0.2713097525977029,1.29379127118332,0.0
1,2,6.767489244843735,6.422424040875069,0.2713097525977029,1.428211881805478,9.073269412697085e-38
2,0,6.767489244843735,6.422424040875069,0.2713097525977029,1.2862052099364627,0.0
2,1,6.767489244843735,6.422424040875069,0.2713097525977029,1.406928677308366,0.0
2,2,6.767489244843735,6.422424040875069,0.2713097525977029,1.5133903506338287,3.250382401835395e-27
3,0,6.767489244843735,6.422424040875069,0.2713097525977029,1.312548426368461,0.0
3,1,6.767489244843735,6.422424040875069,0.2713097525977029,1.4143607072532158,0.0
3,2,6.767489244843735,6.422424040875069,0.2713097525977029,1.5075456173247979,1.2556188201460774e-25
4,0,6.767489244843735,6.422424040875069,0.2713097525977029,1.2764534825961342,0.0
4,1,6.767489244843735,6.422424040875069,0.2713097525977029,1.3678646728117156,0.0
4,2,6.767489244843735,6.422424040875069,0.2713097525977029,1.4530548289132295,2.699448805387399e-25
5,0,6.767489244843735,6.422424040875069,0.2713097525977029,1.2613306467046534,0.0
5,1,6.767489244843735,6.422424040875069,0.2713097525977029,1.3449686617851575,0.0
5,2,6.767489244843735,6.422424040875069,0.2713097525977029,1.4237087519141636,3.853830543013514e-25
6,0,6.767489244843735,6.422424040875069,0.2713097525977029,1.2982400277927955,0.0
6,1,6.767489244843735,6.422424040875069,0.2713097525977029,1.3751023371479274,0.0
6,2,6.767489244843735,6.422424040875069,0.2713097525977029,1.4479634002874535,5.98368574065914e-25
7,0,6.767489244843735,6.422424040875069,0.2713097525977029,1.3710767379375786,0.0
7,1,6.767489244843735,6.422424040875069,0.2713097525977029,1.442159250904719,0.0
7,2,6.767489244843735,6.422424040875069,0.2713097525977029,1.509880181438675,7.829840009859185e-25
8,0,6.767489244843735,6.422424040875069,0.2713097525977029,1.4583208284991287,0.0
8,1,6.767489244843735,6.422424040875069,0.2713097525977029,1.524692397920378,0.0
8,2,6.767489244843735,6.422424040875069,0.2713097525977029,1.5881532822954214,8.519098163031681e-25
9,0,6.767489244843735,6.422424040875069,0.2713097525977029,1.5462544659312245,0.0
9,1,6.767489244843735,6.422424040875069,0.2713097525977029,1.6088794187866444,0.0
9,2,6.767489244843735,6.422424040875069,0.2713097525977029,1.6689081880268835,8.224768442273493e-25
0,0,9.45697845752215,7.019356325113856,0.1962447145105474,0.6931471805599441,0.0
0,1,9.45697845752215,7.019356325113856,0.1962447145105474,0.9899409166847176,0.0
0,2,9.45697845752215,7.019356325113856,0.1962447145105474,1.2001172477589008,0.0
1,0,9.45697845752215,7.019356325113856,0.1962447145105474,1.1728606429129913,0.0
1,1,9.45697845752215,7.019356325113856,0.1962447145105474,1.3352526778998646,0.0
1,2,9.45697845752215,7.019356325113856,0.1962447145105474,1.466930411267712,1.5103877930164212e-26
2,0,9.45697845752215,7.019356325113856,0.1962447145105474,1.3959395001748778,0.0
2,1,9.45697845752215,7.019356325113856,0.1962447145105474,1.510935527734596,0.0
2,2,9.45697845752215,7.019356325113856,0.1962447145105474,1.6118458650308536,5.558974393205544e-15
3,0,9.45697845752215,7.019356325113856,0.1962447145105474,1.5069158584618818,0.0
3,1,9.45697845752215,7.019356325113856,0.1962447145105474,1.6015328719841402,0.0
3,2,9.45697845752215,7.019356325113856,0.1962447145105474,1.687840924143471,6.597798489350687e-13
4,0,9.45697845752215,7.019356325113856,0.1962447145105474,1.55512893654346,0.0
4,1,9.45697845752215,7.019356325113856,0.1962447145105474,1.6387474852253527,0.0
4,2,9.45697845752215,7.019356325113856,0.1962447145105474,1.7165369929451808,4.343552407725103e-12
5,0,9.45697845752215,7.019356325113856,0.1962447145105474,1.5718196130487598,0.0
5,1,9.45697845752215,7.019356325113856,0.1962447145105474,1.6481941596345304,0.0
5,2,9.45697845752215,7.019356325113856,0.1962447145105474,1.7200464080757918,2.8396830083125854e-11
6,0,9.45697845752215,7.019356325113856,0.1962447145105474,1.599789021074661,0.0
6,1,9.45697845752215,7.019356325113856,0.1962447145105474,1.6703268350371667,0.0
6,2,9.45697845752215,7.019356325113856,0.1962447145105474,1.73715530590836,7.338690157872924e-11
7,0,9.45697845752215,7.019356325113856,0.1962447145105474,1.656006780023715,0.0
7,1,9.45697845752215,7.019356325113856,0.1962447145105474,1.7212138395217207,0.0
7,2,9.45697845752215,7.019356325113856,0.1962447145105474,1.783310606964497,1.0314658516694131e-10
8,0,9.45697845752215,7.019356325113856,0.1962447145105474,1.7333095626276287,0.0
8,1,9.45697845752215,7.019356325113856,0.1962447145105474,1.7937205854617155,0.0
8,2,9.45697845752215,7.019356325113856,0.1962447145105474,1.8514846700710041,1.1700830628914546e-10
9,0,9.45697845752215,7.019356325113856,0.1962447145105474,1.8187915696394137,0.0
9,1,9.45697845752215,7.019356325113856,0.1962447145105474,1.8751111882516938,0.0
9,2,9.45697845752215,7.019356325113856,0.1962447145105474,1.9291338634128616,1.2497838179373797e-10
0,0,13.215306047834442,7.660084510621875,0.1386898369896371,0.6931471805599441,0.0
0,1,13.215306047834442,7.660084510621875,0.1386898369896371,0.9899409166847176,0.0
0,2,13.215306047834442,7.660084510621875,0.1386898369896371,1.2001172477589008,0.0
1,0,13.215306047834442,7.660084510621875,0.1386898369896371,1.1898063444851428,0.0
1,1,13.215306047834442,7.660084510621875,0.1386898369896371,1.350753971426787,0.0
1,2,13.215306047834442,7.660084510621875,0.1386898369896371,1.4811250680844008,4.0063791764784174e-25
2,0,13.215306047834442,7.660084510621875,0.1386898369896371,1.4478771829495787,0.0
2,1,13.215306047834442,7.660084510621875,0.1386898369896371,1.560043818247171,0.0
2,2,13.215306047834442,7.660084510621875,0.1386898369896371,1.6582298834932634,3.811775057492992e-09
3,0,13.215306047834442,7.660084510621875,0.1386898369896371,1.6007508819325675,0.0
3,1,13.215306047834442,7.660084510621875,0.1386898369896371,1.6911171143813777,0.0
3,2,13.215306047834442,7.660084510621875,0.1386898369896371,1.7734114974876265,3.2023929977575883e-06
4,0,13.215306047834442,7.660084510621875,0.1386898369896371,1.7000371175069495,0.0
4,1,13.215306047834442,7.660084510621875,0.1386898369896371,1.7784990537583023,0.0
4,2,13.215306047834442,7.660084510621875,0.1386898369896371,1.8514319462400417,6.814536890136825e-05
5,0,13.215306047834442,7.660084510621875,0.1386898369896371,1.7639606993171983,0.0
5,1,13.215306047834442,7.660084510621875,0.1386898369896371,1.834809096362397,0.0
5,2,13.215306047834442,7.660084510621875,0.1386898369896371,1.9014422584013522,0.0009273757672996597
6,0,13.215306047834442,7.660084510621875,0.1386898369896371,1.809611839198856,0.0
6,1,13.215306047834442,7.660084510621875,0.1386898369896371,1.8748512684706342,0.0
6,2,13.215306047834442,7.660084510621875,0.1386898369896371,1.9366718678293084,0.004760762038184927
7,0,13.215306047834442,7.660084510621875,0.1386898369896371,1.8588119036153212,0.0
7,1,13.215306047834442,7.660084510621875,0.1386898369896371,1.9192627568037897,0.0
7,2,13.215306047834442,7.660084510621875,0.1386898369896371,1.9768515675718112,0.012016480450904064
8,0,13.215306047834442,7.660084510621875,0.1386898369896371,1.922904836804588,0.0
8,1,13.215306047834442,7.660084510621875,0.1386898369896371,1.9789006945517498,0.0
8,2,13.215306047834442,7.660084510621875,0.1386898369896371,2.0324727527393094,0.020470358767908835
9,0,13.215306047834442,7.660084510621875,0.1386898369896371,1.9994676336890316,0.0
9,1,13.215306047834442,7.660084510621875,0.1386898369896371,2.051377038046412,0.0
9,2,13.215306047834442,7.660084510621875,0.1386898369896371,2.1012170029557815,0.02766997626524574
0,0,18.4672424413758,8.282811936969145,0.0986838579149879,0.6931471805599441,0.0
0,1,18.4672424413758,8.282811936969145,0.0986838579149879,0.9899409166847176,0.0
0,2,18.4672424413758,8.282811936969145,0.0986838579149879,1.2001172477589008,0.0
1,0,18.4672424413758,8.282811936969145,0.0986838579149879,1.1981221465230214,0.0
1,1,18.4672424413758,8.282811936969145,0.0986838579149879,1.3584706207768198,0.0
1,2,18.4672424413758,8.282811936969145,0.0986838579149879,1.4882847315670404,1.6528149225492342e-34
2,0,18.4672424413758,8.282811936969145,0.0986838579149879,1.4752701984742318,0.0
2,1,18.4672424413758,8.282811936969145,0.0986838579149879,1.5857911338453294,0.0
2,2,18.4672424413758,8.282811936969145,0.0986838579149879,1.682430488475966,5.257318895826752e-12
3,0,18.4672424413758,8.282811936969145,0.0986838579149879,1.655319933022045,0.0
3,1,18.4672424413758,8.282811936969145,0.0986838579149879,1.7429821857609342,0.0
3,2,18.4672424413758,8.282811936969145,0.0986838579149879,1.8227305160345528,8.20853353350275e-08
4,0,18.4672424413758,8.282811936969145,0.0986838579149879,1.7833141890350608,0.0
4,1,18.4672424413758,8.282811936969145,0.0986838579149879,1.8582854289847637,0.0
4,2,18.4672424413758,8.282811936969145,0.0986838579149879,1.9279417058551074,8.714159130739285e-06
5,0,18.4672424413758,8.282811936969145,0.0986838579149879,1.8795344795386613,0.0
5,1,18.4672424413758,8.282811936969145,0.0986838579149879,1.9463429354981114,0.0
5,2,18.4672424413758,8.282811936969145,0.0986838579149879,2.0091761844682057,0.0004967813749012028
6,0,18.4672424413758,8.282811936969145,0.0986838579149879,1.953877803740165,0.0
6,1,18.4672424413758,8.282811936969145,0.0986838579149879,2.014853498743838,0.0
6,2,18.4672424413758,8.282811936969145,0.0986838579149879,2.0726480356985277,0.005549849255509812
7,0,18.4672424413758,8.282811936969145,0.0986838579149879,2.015972781422113,0.0
7,1,18.4672424413758,8.282811936969145,0.0986838579149879,2.0723572411179294,0.0
7,2,18.4672424413758,8.282811936969145,0.0986838579149879,2.1260917854124317,0.02417596999859149
8,0,18.4672424413758,8.282811936969145,0.0986838579149879,2.077766212223814,0.0
8,1,18.4672424413758,8.282811936969145,0.0986838579149879,2.1301395429767664,0.0
8,2,18.4672424413758,8.282811936969145,0.0986838579149879,2.180261376457553,0.06149724177922141
9,0,18.4672424413758,8.282811936969145,0.0986838579149879,2.146961359965024,0.0
9,1,18.4672424413758,8.282811936969145,0.0986838579149879,2.195578282971991,0.0
9,2,18.4672424413758,8.282811936969145,0.0986838579149879,2.2422717913830494,0.10881696680040452
0,0,25.806367416245845,8.928047864970182,0.0689293868322581,0.6931471805599441,0.0
0,1,25.806367416245845,8.928047864970182,0.0689293868322581,0.9899409166847176,0.0
0,2,25.806367416245845,8.928047864970182,0.0689293868322581,1.2001172477589008,0.0
1,0,25.806367416245845,8.928047864970182,0.0689293868322581,1.2001061080786553,0.0
1,1,25.806367416245845,8.928047864970182,0.0689293868322581,1.3603474306167904,0.0
1,2,25.806367416245845,8.928047864970182,0.0689293868322581,1.4900632523082644,4.9357999473245556e-48
2,0,25.806367416245845,8.928047864970182,0.0689293868322581,1.4862592493718476,0.0
2,1,25.806367416245845,8.928047864970182,0.0689293868322581,1.5962299535854436,0.0
2,2,25.806367416245845,8.928047864970182,0.0689293868322581,1.6923212865281676,1.9805154184674673e-16
3,0,25.806367416245845,8.928047864970182,0.0689293868322581,1.6814348461060225,0.0
3,1,25.806367416245845,8.928047864970182,0.0689293868322581,1.76781851417718,0.0
3,2,25.806367416245845,8.928047864970182,0.0689293868322581,1.8463505342248596,1.6455160558399805e-10
4,0,25.806367416245845,8.928047864970182,0.0689293868322581,1.8276064309732254,0.0
4,1,25.806367416245845,8.928047864970182,0.0689293868322581,1.9006209737278912,0.0
4,2,25.806367416245845,8.928047864970182,0.0689293868322581,1.9684361365318626,1.0651555348016795e-07
5,0,25.806367416245845,8.928047864970182,0.0689293868322581,1.9430876504671502,0.0
5,1,25.806367416245845,8.928047864970182,0.0689293868322581,2.007439298526049,0.0
5,2,25.806367416245845,8.928047864970182,0.0689293868322581,2.0679614007824836,4.3474157883995493e-05
6,0,25.806367416245845,8.928047864970182,0.0689293868322581,2.0371615315596285,0.0
6,1,25.806367416245845,8.928047864970182,0.0689293868322581,2.0953305707047485,0.0
6,2,25.806367416245845,8.928047864970182,0.0689293868322581,2.150479855977628,0.001167012748547028
7,0,25.806367416245845,8.928047864970182,0.0689293868322581,2.1158840942243047,0.0
7,1,25.806367416245845,8.928047864970182,0.0689293868322581,2.169322280918048,0.0
7,2,25.806367416245845,8.928047864970182,0.0689293868322581,2.220271022285159,0.009214490647208128
8,0,25.806367416245845,8.928047864970182,0.0689293868322581,2.185646260096771,0.0
8,1,25.806367416245845,8.928047864970182,0.0689293868322581,2.2351973134175944,0.0
8,2,25.806367416245845,8.928047864970182,0.0689293868322581,2.2826397451694254,0.03634598672111426
9,0,25.806367416245845,8.928047864970182,0.0689293868322581,2.2546929335749217,0.0
9,1,25.806367416245845,8.928047864970182,0.0689293868322581,2.300737244671007,0.0
9,2,25.806367416245845,8.928047864970182,0.0689293868322581,2.344977550864327,0.08986523265948837
0,0,36.06215715943463,9.54007339136711,0.0487914647012475,0.6931471805599441,0.0
0,1,36.06215715943463,9.54007339136711,0.0487914647012475,0.9899409166847176,0.0
0,2,36.06215715943463,9.54007339136711,0.0487914647012475,1.2001172477589008,0.0
1,0,36.06215715943463,9.54007339136711,0.0487914647012475,1.2001991158265033,0.0
1,1,36.06215715943463,9.54007339136711,0.0487914647012475,1.3604640819805742,0.0
1,2,36.06215715943463,9.54007339136711,0.0487914647012475,1.4902003494376386,6.553915112688573e-67
2,0,36.06215715943463,9.54007339136711,0.0487914647012475,1.4891619564794716,0.0
2,1,36.06215715943463,9.54007339136711,0.0487914647012475,1.599043742181788,0.0
2,2,36.06215715943463,9.54007339136711,0.0487914647012475,1.6950297515712929,1.4481212983076142e-22
3,0,36.06215715943463,9.54007339136711,0.0487914647012475,1.6911828274429117,0.0
3,1,36.06215715943463,9.54007339136711,0.0487914647012475,1.7771585470919238,0.0
3,2,36.06215715943463,9.54007339136711,0.0487914647012475,1.8552852535917752,3.0469747716962005e-14
4,0,36.06215715943463,9.54007339136711,0.0487914647012475,1.8474131175781594,0.0
4,1,36.06215715943463,9.54007339136711,0.0487914647012475,1.9195984607483192,0.0
4,2,36.06215715943463,9.54007339136711,0.0487914647012475,1.9866210315512856,2.5466741472829094e-10
5,0,36.06215715943463,9.54007339136711,0.0487914647012475,1.9746265559906757,0.0
5,1,36.06215715943463,9.54007339136711,0.0487914647012475,2.03773986586718,0.0
5,2,36.06215715943463,9.54007339136711,0.0487914647012475,2.0970923690594043,1.7084513911286078e-06
6,0,36.06215715943463,9.54007339136711,0.0487914647012475,2.081367636064109,0.0
6,1,36.06215715943463,9.54007339136711,0.0487914647012475,2.137964849357292,0.0
6,2,36.06215715943463,9.54007339136711,0.0487914647012475,2.1916306343199237,0.00016251618958519685
7,0,36.06215715943463,9.54007339136711,0.0487914647012475,2.172731742196842,0.0
7,1,36.06215715943463,9.54007339136711,0.0487914647012475,2.2243534842786223,0.0
7,2,36.06215715943463,9.54007339136711,0.0487914647012475,2.2735845675812802,0.0022979385914179773
8,0,36.06215715943463,9.54007339136711,0.0487914647012475,2.2527243584016903,0.0
8,1,36.06215715943463,9.54007339136711,0.0487914647012475,2.3003615521428884,0.0
8,2,36.06215715943463,9.54007339136711,0.0487914647012475,2.345988113869849,0.013971526092912096
9,0,36.06215715943463,9.54007339136711,0.0487914647012475,2.326418316641881,0.0
9,1,36.06215715943463,9.54007339136711,0.0487914647012475,2.370662647520705,0.0
9,2,36.06215715943463,9.54007339136711,0.0487914647012475,2.413185153913741,0.04983691236038011
0,0,50.3937326015545,10.177382373422269,0.0337556096576338,0.6931471805599441,0.0
0,1,50.3937326015545,10.177382373422269,0.0337556096576338,0.9899409166847176,0.0
0,2,50.3937326015545,10.177382373422269,0.0337556096576338,1.2001172477589008,0.0
1,0,50.3937326015545,10.177382373422269,0.0337556096576338,1.200133061890738,0.0
1,1,50.3937326015545,10.177382373422269,0.0337556096576338,1.3604142512957598,0.0
1,2,50.3937326015545,10.177382373422269,0.0337556096576338,1.4901645691906138,3.1111028269361698e-93
2,0,50.3937326015545,10.177382373422269,0.0337556096576338,1.4897857830841423,0.0
2,1,50.3937326015545,10.177382373422269,0.0337556096576338,1.5996415962859167,0.0
2,2,50.3937326015545,10.177382373422269,0.0337556096576338,1.6956021818062466,4.722345479018533e-31
3,0,50.3937326015545,10.177382373422269,0.0337556096576338,1.6941292300195059,0.0
3,1,50.3937326015545,10.177382373422269,0.0337556096576338,1.7799946125726884,0.0
3,2,50.3937326015545,10.177382373422269,0.0337556096576338,1.8580089034635552,1.9485610694816148e-19
4,0,50.3937326015545,10.177382373422269,0.0337556096576338,1.8548564487807968,0.0
4,1,50.3937326015545,10.177382373422269,0.0337556096576338,1.9267586067350302,0.0
4,2,50.3937326015545,10.177382373422269,0.0337556096576338,1.9935047345478925,5.96687165163103e-14
5,0,50.3937326015545,10.177382373422269,0.0337556096576338,1.9883876613204623,0.0
5,1,50.3937326015545,10.177382373422269,0.0337556096576338,2.050991085811077,0.0
5,2,50.3937326015545,10.177382373422269,0.0337556096576338,2.109855867857685,2.4089777218302762e-08
6,0,50.3937326015545,10.177382373422269,0.0337556096576338,2.102665641114726,0.0
6,1,50.3937326015545,10.177382373422269,0.0337556096576338,2.158518640781436,0.0
6,2,50.3937326015545,10.177382373422269,0.0337556096576338,2.211477532017441,1.6142957143624767e-05
7,0,50.3937326015545,10.177382373422269,0.0337556096576338,2.2022162128670013,0.0
7,1,50.3937326015545,10.177382373422269,0.0337556096576338,2.2528824048745895,0.0
7,2,50.3937326015545,10.177382373422269,0.0337556096576338,2.3012068892281725,0.0005108736844198542
8,0,50.3937326015545,10.177382373422269,0.0337556096576338,2.290021140369491,0.0
8,1,50.3937326015545,10.177382373422269,0.0337556096576338,2.336545670583289,0.0
8,2,50.3937326015545,10.177382373422269,0.0337556096576338,2.381115241467608,0.0046494852772888855
9,0,50.3937326015545,10.177382373422269,0.0337556096576338,2.3690751434334523,0.0
9,1,50.3937326015545,10.177382373422269,0.0337556096576338,2.412173078109447,0.0
9,2,50.3937326015545,10.177382373422269,0.0337556096576338,2.453602302086659,0.023194936277193094
0,0,70.42086457250619,10.789314367406822,0.0234266324206169,0.6931471805599441,0.0
0,1,70.42086457250619,10.789314367406822,0.0234266324206169,0.9899409166847176,0.0
0,2,70.42086457250619,10.789314367406822,0.0234266324206169,1.2001172477589008,0.0
1,0,70.42086457250619,10.789314367406822,0.0234266324206169,1.2001183868336989,0.0
1,1,70.42086457250619,10.789314367406822,0.0234266324206169,1.3604026468238595,0.0
1,2,70.42086457250619,10.789314367406822,0.0234266324206169,1.4901556107566312,5.50233088638862e-130
2,0,70.42086457250619,10.789314367406822,0.0234266324206169,1.490026119776401,0.0
2,1,70.42086457250619,10.789314367406822,0.0234266324206169,1.599847642932118,0.0
2,2,70.42086457250619,10.789314367406822,0.0234266324206169,1.695783077559073,7.021704560208528e-43
3,0,70.42086457250619,10.789314367406822,0.0234266324206169,1.6950552907650325,0.0
3,1,70.42086457250619,10.789314367406822,0.0234266324206169,1.7808664290615996,0.0
3,2,70.42086457250619,10.789314367406822,0.0234266324206169,1.8588320139823948,1.0349070730983603e-26
4,0,70.42086457250619,10.789314367406822,0.0234266324206169,1.8574339722478574,0.0
4,1,70.42086457250619,10.789314367406822,0.0234266324206169,1.9292299725684918,0.0
4,2,70.42086457250619,10.789314367406822,0.0234266324206169,1.9958745972319591,6.377857965300159e-19
5,0,70.42086457250619,10.789314367406822,0.0234266324206169,1.993644391717195,0.0
5,1,70.42086457250619,10.789314367406822,0.0234266324206169,2.0560540774776914,0.0
5,2,70.42086457250619,10.789314367406822,0.0234266324206169,2.114733439277102,8.274140326042252e-11
6,0,70.42086457250619,10.789314367406822,0.0234266324206169,2.1115783563834354,0.0
6,1,70.42086457250619,10.789314367406822,0.0234266324206169,2.1671250767992944,0.0
6,2,70.42086457250619,10.789314367406822,0.0234266324206169,2.2197919868929983,9.96600022021605e-07
7,0,70.42086457250619,10.789314367406822,0.0234266324206169,2.215618147099682,0.0
7,1,70.42086457250619,10.789314367406822,0.0234266324206169,2.265854162490186,0.0
7,2,70.42086457250619,10.789314367406822,0.0234266324206169,2.3137691844154014,0.00011649838309117869
8,0,70.42086457250619,10.789314367406822,0.0234266324206169,2.308395659869775,0.0
8,1,70.42086457250619,10.789314367406822,0.0234266324206169,2.354369038269057,0.0
8,2,70.42086457250619,10.789314367406822,0.0234266324206169,2.3984139615292515,0.001740462131968563
9,0,70.42086457250619,10.789314367406822,0.0234266324206169,2.392278894938043,0.0
9,1,70.42086457250619,10.789314367406822,0.0234266324206169,2.4347257663808444,0.0
9,2,70.42086457250619,10.789314367406822,0.0234266324206169,2.4755346926824178,0.010808674767524864
0,0,98.40704212861336,11.381306801496075,0.0162712545459293,0.6931471805599441,0.0
0,1,98.40704212861336,11.381306801496075,0.0162712545459293,0.9899409166847176,0.0
0,2,98.40704212861336,11.381306801496075,0.0162712545459293,1.2001172477589008,0.0
1,0,98.40704212861336,11.381306801496075,0.0162712545459293,1.200117275138324,0.0
1,1,98.40704212861336,11.381306801496075,0.0162712545459293,1.3604017638989507,0.0
1,2,98.40704212861336,11.381306801496075,0.0162712545459293,1.490154924647369,2.4602758474389723e-181
2,0,98.40704212861336,11.381306801496075,0.0162712545459293,1.4901280202924452,0.0
2,1,98.40704212861336,11.381306801496075,0.0162712545459293,1.599930123683761,0.0
2,2,98.40704212861336,11.381306801496075,0.0162712545459293,1.6958517687044337,1.9728754999343793e-59
3,0,98.40704212861336,11.381306801496075,0.0162712545459293,1.6954923079508206,0.0
3,1,98.40704212861336,11.381306801496075,0.0162712545459293,1.781261063063552,0.0
3,2,98.40704212861336,11.381306801496075,0.0162712545459293,1.8591918725643204,7.098846035136961e-37
4,0,98.40704212861336,11.381306801496075,0.0162712545459293,1.8584742730427468,0.0
4,1,98.40704212861336,11.381306801496075,0.0162712545459293,1.9302082154710791,0.0
4,2,98.40704212861336,11.381306801496075,0.0162712545459293,1.9967975917633904,8.03285436668302e-26
5,0,98.40704212861336,11.381306801496075,0.0162712545459293,1.9957013971997661,0.0
5,1,98.40704212861336,11.381306801496075,0.0162712545459293,2.05802066393332,0.0
5,2,98.40704212861336,11.381306801496075,0.0162712545459293,2.1166161478782493,3.3034905163603434e-14
6,0,98.40704212861336,11.381306801496075,0.0162712545459293,2.1151341825612002,0.0
6,1,98.40704212861336,11.381306801496075,0.0162712545459293,2.1705486023676106,0.0
6,2,98.40704212861336,11.381306801496075,0.0162712545459293,2.2230909360188407,2.188899336298189e-08
7,0,98.40704212861336,11.381306801496075,0.0162712545459293,2.221183679129967,0.0
7,1,98.40704212861336,11.381306801496075,0.0162712545459293,2.271234537734496,0.0
7,2,98.40704212861336,11.381306801496075,0.0162712545459293,2.31897411740532,2.0478947268592714e-05
8,0,98.40704212861336,11.381306801496075,0.0162712545459293,2.3165124159026718,0.0
8,1,98.40704212861336,11.381306801496075,0.0162712545459293,2.3622378854847925,0.0
8,2,98.40704212861336,11.381306801496075,0.0162712545459293,2.406047166729341,0.0006931628468814093
9,0,98.40704212861336,11.381306801496075,0.0162712545459293,2.403172859665741,0.0
9,1,98.40704212861336,11.381306801496075,0.0162712545459293,2.4453099960954607,0.0
9,2,98.40704212861336,11.381306801496075,0.0162712545459293,2.4858239054354607,0.005673031462789052
0,0,137.51529464015564,11.90461515614896,0.0117250468101474,0.6931471805599441,0.0
0,1,137.51529464015564,11.90461515614896,0.0117250468101474,0.9899409166847176,0.0
0,2,137.51529464015564,11.90461515614896,0.0117250468101474,1.2001172477589008,0.0
1,0,137.51529464015564,11.90461515614896,0.0117250468101474,1.2001172479077933,0.0
1,1,137.51529464015564,11.90461515614896,0.0117250468101474,1.3604017422662347,0.0
1,2,137.51529464015564,11.90461515614896,0.0117250468101474,1.4901549078294685,3.948533666814224e-253
2,0,137.51529464015564,11.90461515614896,0.0117250468101474,1.4901520882540984,0.0
2,1,137.51529464015564,11.90461515614896,0.0117250468101474,1.5999491980027232,0.0
2,2,137.51529464015564,11.90461515614896,0.0117250468101474,1.6958673440065475,1.245933299177529e-82
3,0,137.51529464015564,11.90461515614896,0.0117250468101474,1.6957423127498026,0.0
3,1,137.51529464015564,11.90461515614896,0.0117250468101474,1.7814838594457467,0.0
3,2,137.51529464015564,11.90461515614896,0.0117250468101474,1.8593926378157453,4.405629523542381e-51
4,0,137.51529464015564,11.90461515614896,0.0117250468101474,1.8590438286870796,0.0
4,1,137.51529464015564,11.90461515614896,0.0117250468101474,1.9307336179861543,0.0
4,2,137.51529464015564,11.90461515614896,0.0117250468101474,1.9972851344076181,1.8836416313812618e-35
5,0,137.51529464015564,11.90461515614896,0.0117250468101474,1.9967288703002406,0.0
5,1,137.51529464015564,11.90461515614896,0.0117250468101474,2.058989281810682,0.0
5,2,137.51529464015564,11.90461515614896,0.0117250468101474,2.117532201958138,5.732325655613985e-19
6,0,137.51529464015564,11.90461515614896,0.0117250468101474,2.1167747703787683,0.0
6,1,137.51529464015564,11.90461515614896,0.0117250468101474,2.1721148506673957,0.0
6,2,137.51529464015564,11.90461515614896,0.0117250468101474,2.2245890274086197,1.090425029604548e-10
7,0,137.51529464015564,11.90461515614896,0.0117250468101474,2.2236389819803155,0.0
7,1,137.51529464015564,11.90461515614896,0.0117250468101474,2.273596381024956,0.0
7,2,137.51529464015564,11.90461515614896,0.0117250468101474,2.3212488779164184,2.1633852679255867e-06
8,0,137.51529464015564,11.90461515614896,0.0117250468101474,2.3200906718350507,0.0
8,1,137.51529464015564,11.90461515614896,0.0117250468101474,2.365696283020593,0.0
8,2,137.51529464015564,11.90461515614896,0.0117250468101474,2.409392812650287,0.00024808765477464924
9,0,137.51529464015564,11.90461515614896,0.0117250468101474,2.4079182108282513,0.0
9,1,137.51529464015564,11.90461515614896,0.0117250468101474,2.4499133991094846,0.0
9,2,137.51529464015564,11.90461515614896,0.0117250468101474,2.4902927804829256,0.0033007858717385946
0,0,192.1656809403309,12.28405175294498,0.0093518458221566,0.6931471805599441,0.0
0,1,192.1656809403309,12.28405175294498,0.0093518458221566,0.9899409166847176,0.0
0,2,192.1656809403309,12.28405175294498,0.0093518458221566,1.2001172477589008,0.0
1,0,192.1656809403309,12.28405175294498,0.0093518458221566,1.2001172477590027,0.0
1,1,192.1656809403309,12.28405175294498,0.0093518458221566,1.3604017421480306,0.0
1,2,192.1656809403309,12.28405175294498,0.0093518458221566,1.4901549077375718,0.0
2,0,192.1656809403309,12.28405175294498,0.0093518458221566,1.4901547861341544,0.0
2,1,192.1656809403309,12.28405175294498,0.0093518458221566,1.5999513098250575,0.0
2,2,192.1656809403309,12.28405175294498,0.0093518458221566,1.6958690490541397,4.863695594385836e-115
3,0,192.1656809403309,12.28405175294498,0.0093518458221566,1.6958441349863695,0.0
3,1,192.1656809403309,12.28405175294498,0.0093518458221566,1.7815745495691429,0.0
3,2,192.1656809403309,12.28405175294498,0.0093518458221566,1.8594743145879478,5.801529609491132e-71
4,0,192.1656809403309,12.28405175294498,0.0093518458221566,1.8593450478403981,0.0
4,1,192.1656809403309,12.28405175294498,0.0093518458221566,1.9310099703504382,0.0
4,2,192.1656809403309,12.28405175294498,0.0093518458221566,1.997540327127475,7.127963319311935e-49
5,0,192.1656809403309,12.28405175294498,0.0093518458221566,1.9972930819344874,0.0
5,1,192.1656809403309,12.28405175294498,0.0093518458221566,2.0595166042832904,0.0
5,2,192.1656809403309,12.28405175294498,0.0093518458221566,2.1180270981134974,1.1342430619951212e-25
6,0,192.1656809403309,12.28405175294498,0.0093518458221566,2.1176674303007994,0.0
6,1,192.1656809403309,12.28405175294498,0.0093518458221566,2.1729599730584104,0.0
6,2,192.1656809403309,12.28405175294498,0.0093518458221566,2.2253913640625056,6.387814376415002e-14
7,0,192.1656809403309,12.28405175294498,0.0093518458221566,2.2249232895464313,0.0
7,1,192.1656809403309,12.28405175294498,0.0093518458221566,2.2748232705114355,0.0
7,2,192.1656809403309,12.28405175294498,0.0093518458221566,2.3224231893843426,8.241819110523907e-08
8,0,192.1656809403309,12.28405175294498,0.0093518458221566,2.3218562569009324,0.0
8,1,192.1656809403309,12.28405175294498,0.0093518458221566,2.3673937410843506,0.0
8,2,192.1656809403309,12.28405175294498,0.0093518458221566,2.411027093285128,7.525834211601499e-05
9,0,192.1656809403309,12.28405175294498,0.0093518458221566,2.410246329539996,0.0
9,1,192.1656809403309,12.28405175294498,0.0093518458221566,2.452162009898231,0.0
9,2,192.1656809403309,12.28405175294498,0.0093518458221566,2.492466978404532,0.0018900072950948546
0,0,268.5348493626968,12.51230541934757,0.0083262570793512,0.6931471805599441,0.0
0,1,268.5348493626968,12.51230541934757,0.0083262570793512,0.9899409166847176,0.0
0,2,268.5348493626968,12.51230541934757,0.0083262570793512,1.2001172477589008,0.0
1,0,268.5348493626968,12.51230541934757,0.0083262570793512,1.2001172477589008,0.0
1,1,268.5348493626968,12.51230541934757,0.0083262570793512,1.3604017421479493,0.0
1,2,268.5348493626968,12.51230541934757,0.0083262570793512,1.4901549077375087,0.0
2,0,268.5348493626968,12.51230541934757,0.0083262570793512,1.49015490620073,0.0
2,1,268.5348493626968,12.51230541934757,0.0083262570793512,1.5999514032277347,0.0
2,2,268.5348493626968,12.51230541934757,0.0083262570793512,1.6958691240377757,2.610505693836018e-160
3,0,268.5348493626968,12.51230541934757,0.0083262570793512,1.6958667644510017,0.0
3,1,268.5348493626968,12.51230541934757,0.0083262570793512,1.7815946910142273,0.0
3,2,268.5348493626968,12.51230541934757,0.0083262570793512,1.8594924450024988,1.033329143667016e-98
4,0,268.5348493626968,12.51230541934757,0.0083262570793512,1.8594615339062985,0.0
4,1,268.5348493626968,12.51230541934757,0.0083262570793512,1.931116809781138,0.0
4,2,268.5348493626968,12.51230541934757,0.0083262570793512,1.9976389626000164,1.261434353116252e-67
5,0,268.5348493626968,12.51230541934757,0.0083262570793512,1.9975534427477668,0.0
5,1,268.5348493626968,12.51230541934757,0.0083262570793512,2.0597593651446475,0.0
5,2,268.5348493626968,12.51230541934757,0.0083262570793512,2.1182544473117595,4.2579551782228353e-35
6,0,268.5348493626968,12.51230541934757,0.0083262570793512,2.1181125156886584,0.0
6,1,268.5348493626968,12.51230541934757,0.0083262570793512,2.1733797883257653,0.0
6,2,268.5348493626968,12.51230541934757,0.0083262570793512,2.2257885856007884,2.0002345768594857e-18
7,0,268.5348493626968,12.51230541934757,0.0083262570793512,2.2255901969614245,0.0
7,1,268.5348493626968,12.51230541934757,0.0083262570793512,2.275457714132632,0.0
7,2,268.5348493626968,12.51230541934757,0.0083262570793512,2.323028148312658,8.16216087633469e-10
8,0,268.5348493626968,12.51230541934757,0.0083262570793512,2.322767656947115,0.0
8,1,268.5348493626968,12.51230541934757,0.0083262570793512,2.3682664555459807,0.0
8,2,268.5348493626968,12.51230541934757,0.0083262570793512,2.4118642393045597,1.670940182840453e-05
9,0,268.5348493626968,12.51230541934757,0.0083262570793512,2.4114503275382093,0.0
9,1,268.5348493626968,12.51230541934757,0.0083262570793512,2.4533206320764767,0.0
9,2,268.5348493626968,12.51230541934757,0.0083262570793512,2.493583483818084,0.0009629946735766404
0,0,375.2541295062848,12.639930667800687,0.0079158474925917,0.6931471805599441,0.0
0,1,375.2541295062848,12.639930667800687,0.0079158474925917,0.9899409166847176,0.0
0,2,375.2541295062848,12.639930667800687,0.0079158474925917,1.2001172477589008,0.0
1,0,375.2541295062848,12.639930667800687,0.0079158474925917,1.2001172477589008,0.0
1,1,375.2541295062848,12.639930667800687,0.0079158474925917,1.3604017421479493,0.0
1,2,375.2541295062848,12.639930667800687,0.0079158474925917,1.4901549077375087,0.0
2,0,375.2541295062848,12.639930667800687,0.0079158474925917,1.49015490773406,0.0
2,1,375.2541295062848,12.639930667800687,0.0079158474925917,1.5999514044183567,0.0
2,2,375.2541295062848,12.639930667800687,0.0079158474925917,1.6958691249919886,1.475133005348574e-223
3,0,375.2541295062848,12.639930667800687,0.0079158474925917,1.6958690426385872,0.0
3,1,375.2541295062848,12.639930667800687,0.0079158474925917,1.7815967160661386,0.0
3,2,375.2541295062848,12.639930667800687,0.0079158474925917,1.8594942659780975,1.92340767646006e-137
4,0,375.2541295062848,12.639930667800687,0.0079158474925917,1.859490306711007,0.0
4,1,375.2541295062848,12.639930667800687,0.0079158474925917,1.931143200340331,0.0
4,2,375.2541295062848,12.639930667800687,0.0079158474925917,1.9976633280585698,7.052826744563884e-94
5,0,375.2541295062848,12.639930667800687,0.0079158474925917,1.9976430337078968,0.0
5,1,375.2541295062848,12.639930667800687,0.0079158474925917,2.059842889899738,0.0
5,2,375.2541295062848,12.639930667800687,0.0079158474925917,2.1183326622576657,2.341496739960173e-48
6,0,375.2541295062848,12.639930667800687,0.0079158474925917,2.1182891503950727,0.0
6,1,375.2541295062848,12.639930667800687,0.0079158474925917,2.1735462373862084,0.0
6,2,375.2541295062848,12.639930667800687,0.0079158474925917,2.2259459429302275,9.125595743346991e-25
7,0,375.2541295062848,12.639930667800687,0.0079158474925917,2.225878468589943,0.0
7,1,375.2541295062848,12.639930667800687,0.0079158474925917,2.2757315244292666,0.0
7,2,375.2541295062848,12.639930667800687,0.0079158474925917,2.3232888609574083,1.1605355601590204e-12
8,0,375.2541295062848,12.639930667800687,0.0079158474925917,2.3231948436126757,0.0
8,1,375.2541295062848,12.639930667800687,0.0079158474925917,2.368674694022241,0.0
8,2,375.2541295062848,12.639930667800687,0.0079158474925917,2.4122551217206087,1.502090393678462e-06
9,0,375.2541295062848,12.639930667800687,0.0079158474925917,2.412049017289431,0.0
9,1,375.2541295062848,12.639930667800687,0.0079158474925917,2.453895620895522,0.0
9,2,375.2541295062848,12.639930667800687,0.0079158474925917,2.49413655933471,0.0004608183491026163
0,0,524.3850548474869,12.712198045842428,0.0077496405319959,0.6931471805599441,0.0
0,1,524.3850548474869,12.712198045842428,0.0077496405319959,0.9899409166847176,0.0
0,2,524.3850548474869,12.712198045842428,0.0077496405319959,1.2001172477589008,0.0
1,0,524.3850548474869,12.712198045842428,0.0077496405319959,1.2001172477589008,0.0
1,1,524.3850548474869,12.712198045842428,0.0077496405319959,1.3604017421479493,0.0
1,2,524.3850548474869,12.712198045842428,0.0077496405319959,1.4901549077375087,0.0
2,0,524.3850548474869,12.712198045842428,0.0077496405319959,1.4901549077375082,0.0
2,1,524.3850548474869,12.712198045842428,0.0077496405319959,1.5999514044210337,0.0
2,2,524.3850548474869,12.712198045842428,0.0077496405319959,1.6958691249941333,6.18020900381e-312
3,0,524.3850548474869,12.712198045842428,0.0077496405319959,1.6958691242612516,0.0
3,1,524.3850548474869,12.712198045842428,0.0077496405319959,1.7815967885497164,0.0
3,2,524.3850548474869,12.712198045842428,0.0077496405319959,1.8594943311068777,1.6056558181123253e-191
4,0,524.3850548474869,12.712198045842428,0.0077496405319959,1.8594941209815714,0.0
4,1,524.3850548474869,12.712198045842428,0.0077496405319959,1.93114669649069,0.0
4,2,524.3850548474869,12.712198045842428,0.0077496405319959,1.9976665542013972,1.506101723957679e-130
5,0,524.3850548474869,12.712198045842428,0.0077496405319959,1.9976637879806787,0.0
5,1,524.3850548474869,12.712198045842428,0.0077496405319959,2.0598622391406263,0.0
5,2,524.3850548474869,12.712198045842428,0.0077496405319959,2.1183507820647582,6.820082267658742e-67
6,0,524.3850548474869,12.712198045842428,0.0077496405319959,2.1183413943053315,0.0
6,1,524.3850548474869,12.712198045842428,0.0077496405319959,2.173595470448612,0.0
6,2,524.3850548474869,12.712198045842428,0.0077496405319959,2.225992488878541,1.241724062214944e-33
7,0,524.3850548474869,12.712198045842428,0.0077496405319959,2.2259746882538263,0.0
7,1,524.3850548474869,12.712198045842428,0.0077496405319959,2.2758228925963646,0.0
7,2,524.3850548474869,12.712198045842428,0.0077496405319959,2.3233758375671174,1.2544107507223954e-16
8,0,524.3850548474869,12.712198045842428,0.0077496405319959,2.323349064148582,0.0
8,1,524.3850548474869,12.712198045842428,0.0077496405319959,2.368821992878353,0.0
8,2,524.3850548474869,12.712198045842428,0.0077496405319959,2.412396086874736,5.002247491676572e-08
9,0,524.3850548474869,12.712198045842428,0.0077496405319959,2.412306444547946,0.0
9,1,524.3850548474869,12.712198045842428,0.0077496405319959,2.4541426441195267,0.0
9,2,524.3850548474869,12.712198045842428,0.0077496405319959,2.494373979544809,0.0002068713029317116
0,0,732.78257086521,12.753207726221882,0.0076821021165475,0.6931471805599441,0.0
0,1,732.78257086521,12.753207726221882,0.0076821021165475,0.9899409166847176,0.0
0,2,732.78257086521,12.753207726221882,0.0076821021165475,1.2001172477589008,0.0
1,0,732.78257086521,12.753207726221882,0.0076821021165475,1.2001172477589008,0.0
1,1,732.78257086521,12.753207726221882,0.0076821021165475,1.3604017421479493,0.0
1,2,732.78257086521,12.753207726221882,0.0076821021165475,1.4901549077375087,0.0
2,0,732.78257086521,12.753207726221882,0.0076821021165475,1.4901549077375087,0.0
2,1,732.78257086521,12.753207726221882,0.0076821021165475,1.5999514044210343,0.0
2,2,732.78257086521,12.753207726221882,0.0076821021165475,1.6958691249941338,0.0
3,0,732.78257086521,12.753207726221882,0.0076821021165475,1.6958691249931492,0.0
3,1,732.78257086521,12.753207726221882,0.0076821021165475,1.7815967891993965,0.0
3,2,732.78257086521,12.753207726221882,0.0076821021165475,1.8594943316904415,4.631820946942484e-267
4,0,732.78257086521,12.753207726221882,0.0076821021165475,1.859494328426384,0.0
4,1,732.78257086521,12.753207726221882,0.0076821021165475,1.9311468864744157,0.0
4,2,732.78257086521,12.753207726221882,0.0076821021165475,1.997666729390271,9.115321758316672e-182
5,0,732.78257086521,12.753207726221882,0.0076821021165475,1.997666563710228,0.0
5,1,732.78257086521,12.753207726221882,0.0076821021165475,2.059864825890294,0.0
5,2,732.78257086521,12.753207726221882,0.0076821021165475,2.118353203625392,8.861826651554091e-93
6,0,732.78257086521,12.753207726221882,0.0076821021165475,2.118352008812624,0.0
6,1,732.78257086521,12.753207726221882,0.0076821021165475,2.1736054733893666,0.0
6,2,732.78257086521,12.753207726221882,0.0076821021165475,2.226001946141426,4.916124851714816e-46
7,0,732.78257086521,12.753207726221882,0.0076821021165475,2.2259986234248057,0.0
7,1,732.78257086521,12.753207726221882,0.0076821021165475,2.2758456239448943,0.0
7,2,732.78257086521,12.753207726221882,0.0076821021165475,2.323397479156875,3.659955553218595e-22
8,0,732.78257086521,12.753207726221882,0.0076821021165475,2.3233915621642556,0.0
8,1,732.78257086521,12.753207726221882,0.0076821021165475,2.3688625857564904,0.0
8,2,732.78257086521,12.753207726221882,0.0076821021165475,2.412434936435454,4.488576752870866e-10
9,0,732.78257086521,12.753207726221882,0.0076821021165475,2.412405530117308,0.0
9,1,732.78257086521,12.753207726221882,0.0076821021165475,2.454237691594508,0.0
9,2,732.78257086521,12.753207726221882,0.0076821021165475,2.4944653029927992,7.087258884938667e-05
0,0,1024.0,12.775537447254738,0.0076557428032413,0.6931471805599441,0.0
0,1,1024.0,12.775537447254738,0.0076557428032413,0.9899409166847176,0.0
0,2,1024.0,12.775537447254738,0.0076557428032413,1.2001172477589008,0.0
1,0,1024.0,12.775537447254738,0.0076557428032413,1.2001172477589008,0.0
1,1,1024.0,12.775537447254738,0.0076557428032413,1.3604017421479493,0.0
1,2,1024.0,12.775537447254738,0.0076557428032413,1.4901549077375087,0.0
2,0,1024.0,12.775537447254738,0.0076557428032413,1.4901549077375087,0.0
2,1,1024.0,12.775537447254738,0.0076557428032413,1.5999514044210343,0.0
2,2,1024.0,12.775537447254738,0.0076557428032413,1.6958691249941338,0.0
3,0,1024.0,12.775537447254738,0.0076557428032413,1.6958691249941336,0.0
3,1,1024.0,12.775537447254738,0.0076557428032413,1.78159678920027,0.0
3,2,1024.0,12.775537447254738,0.0076557428032413,1.8594943316912262,0.0
4,0,1024.0,12.775537447254738,0.0076557428032413,1.8594943316819545,0.0
4,1,1024.0,12.775537447254738,0.0076557428032413,1.9311468894542951,0.0
4,2,1024.0,12.775537447254738,0.0076557428032413,1.9976667321368122,2.598427153966944e-253
5,0,1024.0,12.775537447254738,0.0076557428032413,1.9976667290980588,0.0
5,1,1024.0,12.775537447254738,0.0076557428032413,2.059864979917559,0.0
5,2,1024.0,12.775537447254738,0.0076557428032413,2.1183533477359964,6.330458179386613e-129
6,0,1024.0,12.775537447254738,0.0076557428032413,2.1183532804306506,0.0
6,1,1024.0,12.775537447254738,0.0076557428032413,2.1736066713561875,0.0
6,2,1024.0,12.775537447254738,0.0076557428032413,2.226003078446185,2.2668766543572416e-63
7,0,1024.0,12.775537447254738,0.0076557428032413,2.2260027158826046,0.0
7,1,1024.0,12.775537447254738,0.0076557428032413,2.2758495105698815,0.0
7,2,1024.0,12.775537447254738,0.0076557428032413,2.3234011794920053,6.824841569335792e-30
8,0,1024.0,12.775537447254738,0.0076557428032413,2.323400259700165,0.0
8,1,1024.0,12.775537447254738,0.0076557428032413,2.3688708947672508,0.0
8,2,1024.0,12.775537447254738,0.0076557428032413,2.412442889869419,6.620536832953213e-13
9,0,1024.0,12.775537447254738,0.0076557428032413,2.412436376758,0.0
9,1,1024.0,12.775537447254738,0.0076557428032413,2.4542672777637042,0.0
9,2,1024.0,12.775537447254738,0.0076557428032413,2.494493727189549,1.576406213950302e-05
